ROWN,Y,M,X
1,-2.009700562,-0.135985748,0
2,-1.374166251,0.649627028,0
3,-0.664584251,1.847655155,1
4,-0.858258069,-0.563026363,1
5,-0.426435949,1.130578937,1
6,-1.492865624,-0.150483837,0
7,-0.31219588,0.868982711,0
8,-1.152878198,-1.355455143,0
9,-2.021309322,-1.780612588,0
10,0.781888581,1.665356421,1
11,-1.789378893,-1.362351191,0
12,-0.762358125,0.435847156,0
13,0.595274521,-1.903000297,1
14,1.481667537,1.675846481,0
15,-2.573052642,-1.386332835,0
16,3.007605669,0.767596167,1
17,1.123279223,0.049924918,0
18,1.76321537,0.196492502,1
19,-0.804110653,-0.267416389,1
20,0.835912516,0.167740092,0
21,-1.414518083,-1.058361002,0
22,0.759223647,0.98818074,1
23,0.510196327,0.57348921,1
24,1.716093374,-0.144826601,0
25,-1.90205721,-0.547041444,0
26,1.513713814,0.413582061,1
27,1.854870172,2.742172537,1
28,1.014786143,1.947027511,1
29,1.99208241,1.559873278,1
30,-1.220120069,-1.313244675,1
31,-0.47384112,1.235657095,1
32,0.441662134,-0.269244989,1
33,-0.321817624,-0.596243718,1
34,0.073229961,2.708113969,1
35,0.295963304,0.290094957,0
36,0.224881084,1.830230597,0
37,1.111232559,0.975663395,1
38,-0.707666211,0.283857055,1
39,1.55129993,2.843619741,1
40,-0.115391271,-0.671841744,0
41,-0.680527529,-0.405691296,1
42,0.649879476,1.900921291,0
43,-0.408746451,-0.405937859,1
44,-0.494498558,-1.542499293,0
45,-2.688997106,-0.502298917,0
46,0.838765216,-1.241588543,0
47,1.579606551,1.353342653,0
48,0.155862788,-0.952558815,1
49,-0.580108871,-1.497252792,0
50,0.416436896,-0.868657372,0
51,0.869847239,0.574799448,1
52,-0.319807107,0.482538858,1
53,-1.734690041,0.444709501,0
54,-0.305056914,-1.584264304,1
55,0.919132317,1.589896037,0
56,-1.147092148,-3.157954038,0
57,0.146243085,0.145093124,0
58,-1.061220499,-1.637596659,0
59,1.161915782,1.394194806,1
60,2.010154551,0.423739756,1
61,1.108458495,-0.302633366,0
62,-0.074126921,1.073934245,1
63,0.99419931,0.696481852,1
64,-0.607719461,-1.169394889,1
65,1.936214491,0.649780652,0
66,-0.913347074,-0.069383693,0
67,1.297137297,-0.485610115,0
68,1.615779316,1.963179546,1
69,1.345274479,0.073453638,1
70,-2.081094215,0.497061599,1
71,0.352405542,0.648046658,1
72,0.04783906,0.347551121,0
73,-0.574496219,0.178852873,1
74,-2.105787828,-1.213697541,0
75,-0.508131692,0.993571084,1
76,-0.308759738,1.864240902,1
77,-0.872559289,-0.232932328,0
78,-1.575116139,-0.530429127,0
79,-1.260676111,-2.330404177,0
80,1.211060626,2.86585873,1
81,-0.498151984,-0.297076151,0
82,1.851626219,2.751994862,1
83,-0.960949927,0.448800377,0
84,0.953916988,0.838908485,1
85,-0.239872358,2.033635597,1
86,0.631796338,0.296270665,0
87,-0.563371533,0.496403551,0
88,-2.050560028,-2.372405979,0
89,-0.021657695,1.984758957,0
90,1.162180416,1.524227881,0
91,1.801755383,0.874944158,1
92,-1.142389144,0.043461341,0
93,1.218129851,0.52120546,0
94,0.522447875,-0.071396735,1
95,0.43115445,3.278746052,1
96,1.660876116,-0.472256963,1
97,2.219938624,0.478304888,1
98,-1.710367373,-0.335534449,0
99,2.468093673,1.379328288,0
100,-0.200672147,-1.148576476,0
101,-1.281379034,-0.929088079,1
102,0.05097351,-0.774517226,1
103,-0.416755016,-0.41910207,0
104,-1.895358895,-0.410214502,0
105,0.387207887,0.397991436,1
106,-0.339716736,0.068147057,1
107,-0.288937303,0.077642169,1
108,-0.588909122,-0.212206532,1
109,2.77648216,1.043262205,1
110,0.197990573,1.925700544,1
111,-1.07276139,-0.335462633,0
112,0.585453824,-0.105900441,0
113,-1.987890229,-0.033487418,0
114,0.651259711,0.995168858,0
115,1.369596687,0.949127178,1
116,-1.564972671,-0.774842884,0
117,-2.264937747,-0.100276394,0
118,1.282025927,0.292345056,0
119,1.498898379,0.300987614,0
120,-0.242199892,1.700554188,1
121,1.000274864,0.910675804,0
122,-0.061438896,1.717907235,1
123,0.044681525,-1.108925657,1
124,0.382285263,0.522565248,1
125,-0.167959511,2.204122103,0
126,-1.596377107,0.132899009,0
127,-0.697009902,1.542459277,0
128,-0.242206498,0.531895649,0
129,1.323932914,-0.094583147,0
130,-0.68150801,-1.722921321,0
131,-2.219678257,0.449878938,0
132,0.960562615,0.99328227,1
133,1.052014612,1.368977282,1
134,0.118848251,1.656832245,1
135,-1.843105339,-0.509540824,0
136,1.724508742,1.002140562,0
137,3.006984997,4.762932757,1
138,-0.559680597,0.330301104,1
139,0.086398432,0.257027495,1
140,0.492389415,2.126553381,1
141,0.806681345,0.46884615,1
142,-2.2940129,-2.341838021,0
143,-0.570146688,1.458245527,1
144,-1.127243143,0.01103382,0
145,-0.864545463,-0.271301354,1
146,0.641365438,0.80980889,1
147,1.342490399,2.503442679,0
148,0.204601675,-0.406701459,1
149,-0.217868363,1.08053894,1
150,0.483550842,-0.542410235,1
151,0.140209726,1.125866228,1
152,1.846357122,0.456183128,0
153,1.498831402,0.851199207,1
154,0.699093351,0.507881695,1
155,-0.41578689,1.818010627,0
156,-0.956712068,-1.254624987,0
157,1.687695063,-1.328990468,1
158,-0.525570092,-0.517228727,1
159,0.998851453,0.040770659,1
160,-0.741726541,-0.921465437,1
161,-0.212325226,0.643488574,0
162,0.033298135,0.510586627,1
163,-0.845556699,-2.792878485,0
164,-1.066838417,0.342596065,1
165,-1.742663221,-2.016502287,0
166,1.129069309,2.440055821,1
167,0.570154835,0.597795262,1
168,-1.649686114,-1.900662968,0
169,0.306310346,-0.24452542,0
170,-0.449816886,-0.508225103,0
171,2.315982088,0.655804804,1
172,-2.873929686,-1.355811569,0
173,-0.508317477,-0.13906731,1
174,-1.044364499,-3.000824977,0
175,-2.548999994,-0.248913938,1
176,-0.143460051,0.22654279,0
177,1.136387662,1.636086747,0
178,-0.756787905,-0.727609785,1
179,-0.58629236,-1.173364024,1
180,-0.303421226,-1.991149398,1
181,1.453420407,0.992273734,1
182,1.31236437,2.463525315,1
183,0.311755513,0.00824669,0
184,0.057108636,-1.587809389,0
185,-0.982890009,0.118130927,1
186,-0.783811981,0.447932554,1
187,-0.913070377,-0.353626356,0
188,1.783203759,0.499333392,1
189,-0.42652245,-1.684925246,1
190,-1.33361532,0.106119148,1
191,0.041835009,2.41477209,0
192,0.625565182,0.313622692,1
193,2.833099491,3.111368405,0
194,0.181658295,0.691664163,1
195,-1.527897437,-1.650848662,1
196,0.530066682,0.588912844,1
197,-0.42112724,1.456475968,1
198,-0.148339452,0.156255312,0
199,0.015403047,0.793507006,0
200,-1.200249014,1.898281232,0
201,0.487360944,1.619200563,0
202,0.259110776,1.528692963,0
203,0.787917111,-0.700874509,1
204,-1.399461938,0.033323538,1
205,-1.701482461,-0.643841955,0
206,0.149430644,2.038746822,1
207,-1.118175615,-0.651470572,0
208,-0.339651961,1.776001923,1
209,0.971713617,3.104908203,0
210,-1.368907138,1.05857618,1
211,-2.417170235,-1.422501326,0
212,-1.116692887,-0.86743004,0
213,-0.666742387,0.359205374,1
214,1.212201265,0.461658422,1
215,-0.647434496,0.296122398,0
216,1.665087601,0.851103484,1
217,0.744268306,0.422798977,1
218,1.92075821,1.800145721,1
219,0.776158292,1.065725126,1
220,-0.420274557,0.480773936,0
221,0.98850438,0.764787578,1
222,-0.928533741,-0.121485389,1
223,0.165014625,1.749880312,1
224,-0.559384938,0.67118753,1
225,2.107642721,1.305561599,0
226,-0.487198259,1.345305702,0
227,-0.456736782,0.754709859,1
228,-0.560999214,0.426922441,0
229,-0.422552007,-0.418382229,0
230,0.190414733,0.735348185,0
231,-1.384409971,0.369665959,1
232,3.11751774,1.95878006,1
233,0.207944372,-0.089660653,0
234,-0.764479126,-3.140264144,0
235,0.722047165,0.626128823,1
236,0.401281134,2.068306581,1
237,1.178011462,0.571164696,0
238,-0.266400393,1.298893978,1
239,-1.363835958,-1.45539807,0
240,-2.017285012,-1.722320523,0
241,-1.382680495,0.674662511,0
242,0.070192831,0.771173792,0
243,1.058546218,0.658104182,1
244,-1.023646317,0.202166571,0
245,3.475758461,1.513903507,1
246,1.023291378,0.515976476,0
247,-0.379994702,0.477659714,1
248,-0.465069013,0.378900206,1
249,-1.832507515,0.108491328,0
250,-0.248150067,0.920307961,0
251,2.445441135,2.359900034,1
252,-1.534511548,-1.973250298,0
253,-1.319716554,-0.08722876,0
254,0.927958053,-0.381579268,0
255,-1.306771182,-0.350682455,0
256,0.167938182,3.254698917,1
257,-1.763279156,-0.314804835,0
258,-1.217231139,-0.644610803,0
259,-0.361713556,1.263534976,1
260,-0.652895379,0.399072345,0
261,2.283036698,0.705396572,1
262,1.244561394,2.483556822,0
263,-0.224899349,-0.872395165,0
264,0.062678533,1.134372483,0
265,-1.075400857,0.947992387,1
266,1.19110489,1.651032467,1
267,-0.388515853,-0.0502879,1
268,-1.780149057,-0.87001319,0
269,-0.512581361,1.503450028,1
270,-0.317619759,-0.668840475,0
271,-0.907582104,1.69596802,0
272,-1.252829915,-0.553871049,0
273,0.869947364,0.338670835,0
274,1.848488971,0.998570926,0
275,-0.43041885,1.171322197,1
276,0.767454228,-0.235267597,0
277,-1.084301115,0.294803363,0
278,0.370979791,1.120442873,0
279,-0.68494352,-1.963625849,0
280,0.154191082,1.792935174,0
281,-0.421845811,-1.19610495,1
282,-0.951524265,-1.269299461,1
283,0.009906785,1.727189989,1
284,-1.236971802,1.852157571,0
285,1.056005721,0.495698682,1
286,1.661008758,0.613324551,1
287,-1.150988563,0.64398561,1
288,-1.055423024,-0.99012333,0
289,-0.922277012,-0.476478923,1
290,2.889522404,2.047124722,1
291,-1.13320734,-0.739892868,1
292,-1.156277655,-2.005403636,0
293,-0.108192629,-1.564459605,0
294,-0.21902036,1.062779787,1
295,-0.167519318,1.100277269,1
296,0.929811947,1.728934566,0
297,0.026237571,0.477794741,1
298,-1.258129906,1.067683832,0
299,0.066949021,-0.544385651,0
300,1.153685346,-0.811066664,1
301,2.734561929,1.002811111,1
302,-0.226776904,3.958341137,1
303,0.659050206,-0.585072868,1
304,-2.021552337,-0.965137191,0
305,-0.221273132,0.04208455,1
306,0.863132069,0.940115228,1
307,-1.260138799,-0.70950506,0
308,0.890726357,1.011369794,1
309,-0.044477537,0.981238859,1
310,1.037794372,0.311535241,1
311,0.718107573,0.643395111,0
312,2.41868368,2.083316475,1
313,0.684822619,0.071262826,0
314,1.870837364,2.060757398,1
315,-0.390673798,-0.205632384,1
316,1.561879075,0.394648048,1
317,-1.115577494,0.703285551,0
318,0.73259039,0.742695311,0
319,1.571109304,0.067956106,1
320,0.732791865,-0.31023486,0
321,0.365480511,0.153005251,0
322,-0.418737332,-0.394777113,1
323,-0.183921865,1.105344973,0
324,1.663907866,1.177703772,1
325,-1.348430048,-0.491697366,0
326,1.623729891,0.498891076,0
327,-0.318020456,1.025958525,0
328,3.514988506,2.684342889,1
329,1.255495454,0.833722565,1
330,-1.519711395,-2.233862184,0
331,-0.060610937,2.743077713,0
332,1.023646832,0.415250861,1
333,0.404580567,2.636492579,1
334,-0.344445588,1.372578779,1
335,0.803861014,0.414523057,0
336,-1.266652129,0.222087566,1
337,-0.622389859,0.502379423,0
338,0.822906592,0.290267375,0
339,-1.703501552,0.481781532,0
340,-0.422197234,-0.556875696,1
341,0.880241563,1.113918651,1
342,-0.501194452,-0.346643941,1
343,0.171157691,0.705074205,1
344,-1.067876511,-1.437090424,0
345,0.607793089,2.272552019,1
346,-0.149279884,-1.422429411,0
347,3.100529582,1.89245842,0
348,1.183715141,-0.202538127,1
349,-0.484083162,-2.081151882,0
350,1.877659936,1.414595003,1
351,-0.43504019,-1.555593384,0
352,0.113703016,0.530531868,0
353,-1.002280707,-1.76517231,0
354,0.823852124,-0.754084318,0
355,1.213188993,2.500359924,1
356,2.511204851,0.894354917,1
357,-2.095521271,-0.762841909,0
358,2.32873386,2.245736563,1
359,0.008500078,0.384613382,1
360,0.966814232,1.622417536,0
361,-0.487040544,1.616908592,1
362,-0.5023054,0.79461867,0
363,0.444619087,2.427868833,1
364,2.041934747,1.328161166,1
365,1.543090745,1.051857311,1
366,0.454183018,-0.988869845,1
367,-0.849914782,0.604856465,0
368,0.958707526,0.733348404,1
369,0.893208085,-0.433530859,1
370,0.612128572,0.540695811,0
371,-1.214930422,-0.393327327,0
372,1.105348845,1.432089364,1
373,-2.565742881,-0.417584459,0
374,2.595757844,1.871538092,1
375,0.18486818,-1.495784859,0
376,-0.927845329,0.928256113,1
377,-0.961771738,-0.627165154,0
378,-0.666434431,-1.00857552,0
379,-0.283765885,1.345224205,0
380,-1.013237866,-2.980022571,0
381,0.779206137,1.061800286,0
382,-2.043017561,-0.880598262,0
383,-0.553753364,-0.238238344,1
384,-0.741581636,-0.861168354,0
385,-0.616448164,0.973414411,0
386,-0.995576527,0.017499458,0
387,-0.336680892,-0.364778079,0
388,1.550347659,0.650129115,0
389,-1.238190502,2.33182601,1
390,-0.263587401,0.60063929,1
391,-0.686291969,-1.115155045,0
392,2.70149554,1.287927223,1
393,-2.235988677,-3.773516799,0
394,0.028272101,1.796024931,1
395,0.397573496,2.116976991,1
396,-0.733705966,-2.081473022,1
397,0.640410608,1.485615505,0
398,1.201294635,1.462646986,1
399,-2.052217161,-0.998533262,0
400,0.138305286,-1.365905615,1
401,0.911431124,1.867471804,0
402,0.415884707,0.108082464,0
403,-1.780633432,-0.293227322,1
404,-1.327362545,0.214680594,1
405,-0.329397198,0.528500954,0
406,-0.619164852,0.018708778,0
407,-0.148718147,1.27216453,0
408,-2.195283984,-1.119706426,0
409,0.817344845,-0.248624003,1
410,1.894472721,2.041165075,1
411,-2.650631753,-0.684111536,0
412,0.854501671,1.330141312,0
413,0.302339137,-1.448324587,0
414,0.578332054,-0.149357843,0
415,-0.849198457,0.063664939,0
416,0.73122601,0.023328403,0
417,-0.159709162,0.184920586,1
418,-0.328682,1.961596144,1
419,-0.984853179,-0.10425803,0
420,1.976785803,0.679932092,1
421,0.900762212,0.437519706,1
422,1.151805671,1.421973299,1
423,0.851510831,-0.141855675,1
424,-0.262691405,-1.186049619,1
425,-0.503449775,-0.366078582,0
426,1.131813407,1.288012335,1
427,2.906752897,0.963552309,1
428,0.515919241,0.122323979,0
429,0.397852464,1.668822741,1
430,1.465949473,0.887003153,0
431,-0.617360863,0.939009606,1
432,-1.03526196,0.466938237,0
433,0.058052955,0.928123862,1
434,0.60227595,-0.01873821,0
435,0.13260118,-0.655253716,1
436,1.540504523,1.287944465,1
437,-0.166398708,0.975851758,0
438,-0.594519378,-0.379925137,1
439,0.248999161,1.07539961,0
440,1.363721987,1.435166175,1
441,-0.607918772,0.473777064,1
442,0.756877436,0.224134467,1
443,-0.743197084,1.902310745,1
444,-0.161864189,2.872568615,1
445,0.78102527,-0.017812126,1
446,0.605043285,1.037599552,1
447,-1.547209619,-1.062098569,0
448,-0.828917417,-0.790910853,0
449,-0.699458784,0.990564,0
450,-0.581487208,-0.033903384,1
451,-0.017319607,-2.110140561,0
452,-0.476903717,0.15791568,1
453,-0.347459354,1.126414979,1
454,0.114924712,0.828457253,1
455,-0.232789016,-0.631135148,1
456,-0.517935623,-0.495784187,1
457,0.857137946,-0.27225912,1
458,-1.104996019,0.237767696,0
459,0.988973684,2.662029199,1
460,1.047580301,1.738119093,0
461,-1.000398198,-0.568302143,0
462,0.664007584,0.258998479,1
463,-0.821382805,-1.266136845,1
464,-1.287947734,0.458132157,0
465,0.888118573,0.327034684,0
466,0.302040392,1.249744183,1
467,0.074031086,0.810538333,0
468,-0.272325321,0.278485351,1
469,0.116458086,1.90972201,1
470,-0.6904731,-0.159133808,1
471,-0.109381998,-0.122794907,0
472,1.033891414,2.053852781,0
473,-0.996885742,2.061853362,1
474,-1.519811129,1.014161296,0
475,-0.34597844,2.215817998,1
476,-1.263572552,2.032209284,0
477,1.662004176,1.385365153,0
478,1.615318793,-0.014263682,1
479,-0.218228605,0.612622379,0
480,0.020824061,2.079144162,0
481,0.054382384,0.256062792,0
482,-2.145142137,-0.204907866,0
483,0.119131954,0.919428852,1
484,-2.339478616,1.157046754,0
485,1.276503611,1.218103546,1
486,0.867411333,1.116880111,1
487,-0.376773743,-1.489909162,0
488,-0.935510241,1.297608817,1
489,0.838649653,1.252933444,1
490,2.227559482,2.260306968,1
491,-0.598447501,-1.192346106,1
492,-0.483909572,-0.470742829,1
493,0.123451091,1.110391442,0
494,0.064070118,0.019546535,0
495,-0.99864977,-0.47859261,0
496,1.422138244,1.710059599,1
497,0.827624581,-0.589282084,0
498,-1.078001588,0.058047113,0
499,2.184276587,1.930188864,1
500,0.675626802,1.634744827,1
501,0.59092493,1.14674903,0
502,1.391275072,1.895886849,1
503,0.618659673,1.209105252,1
504,-0.562634119,-1.909831776,0
505,-0.280944982,2.55521505,0
506,-0.963489377,-0.561695931,1
507,0.279367488,0.643897295,0
508,1.270258,0.778472847,1
509,-1.538791056,0.170141694,0
510,0.555948268,0.151824724,1
511,-0.7956831,0.510160416,1
512,-0.595663714,-0.919560707,1
513,-1.895964171,-1.470317899,0
514,-2.491987203,-1.163165625,0
515,0.056987425,-1.657533388,0
516,-1.88515305,0.111697151,1
517,-2.106140191,-1.311301638,0
518,0.404390725,-0.205120531,1
519,-0.517792187,-2.168879765,0
520,0.257062022,1.262347957,0
521,0.927725231,-0.267443431,0
522,1.441721242,1.192189613,0
523,-1.661973855,-0.159799859,0
524,1.501521955,0.847860821,0
525,0.376579962,-1.423087067,0
526,-1.256564761,-1.331381339,0
527,-0.545517802,0.017161342,1
528,-1.814444421,-2.452398245,0
529,0.972596234,0.561388158,0
530,-1.29028839,-0.012497642,1
531,2.072591057,0.211962432,0
532,-1.094155643,2.932063202,1
533,1.770429065,2.340370779,1
534,1.398049415,1.2816218,0
535,0.999536061,2.052230116,1
536,-1.40934554,0.231351435,1
537,0.375571536,-1.822161358,0
538,1.065774221,-1.086123288,0
539,-2.328773831,-0.446330639,0
540,-0.801106635,0.448505402,1
541,1.170842763,0.722690874,1
542,0.823274833,1.345378381,1
543,1.346645068,1.39602306,1
544,0.051548998,1.631498299,1
545,0.897344167,2.646869997,1
546,-0.436224212,1.449533269,1
547,0.452322984,-1.076429783,1
548,1.225822403,1.454031253,0
549,0.312733093,1.868827605,0
550,-0.430975521,0.08775742,0
551,-1.279881954,0.209658217,1
552,0.36405566,-1.258376546,1
553,-0.283799244,2.092438826,1
554,-0.901108455,-1.59630001,1
555,2.057956452,-0.335691077,0
556,-1.049848479,0.671122336,1
557,0.883279688,-1.095472936,1
558,-0.701308502,0.32956586,0
559,1.237277237,1.672664826,0
560,2.463217154,0.224241319,1
561,0.700974337,2.454747716,1
562,-1.773441463,0.677450721,1
563,2.155358887,0.867916954,1
564,1.438731032,0.092856078,0
565,2.657146982,0.973768983,1
566,0.956000258,2.561660434,1
567,0.359341223,-0.67932852,0
568,-0.008295931,0.424323617,1
569,-0.086341391,-0.084314072,0
570,-0.287076229,0.787159999,0
571,0.431506016,-0.383120676,0
572,0.112334228,-0.839416967,1
573,-0.393425614,0.56776709,0
574,-0.365279038,-1.92919808,0
575,0.324559268,-0.643348876,1
576,0.295079026,0.151403247,1
577,-0.118630318,1.880812644,0
578,1.412933595,-0.233499698,0
579,0.03842468,0.589435293,1
580,-0.19140314,1.700604777,0
581,1.844865429,1.054728437,1
582,-1.386751829,0.169109161,1
583,2.062724341,2.627642467,1
584,1.450017142,1.637293896,1
585,0.985934966,1.038130476,1
586,1.379019277,-0.765075069,0
587,0.814704624,-0.581727972,1
588,0.963708166,0.25737567,0
589,-1.07966588,-0.937124339,0
590,0.15709376,1.890652972,0
591,-1.772880212,-1.543297754,0
592,-0.471261723,2.223730996,0
593,0.589803261,1.02712677,1
594,-1.234012347,-0.18904845,0
595,0.173938717,-0.310860826,1
596,0.954754758,0.566458232,1
597,0.101840893,-0.867265345,0
598,0.845892255,0.488347792,1
599,-0.013585521,0.656225992,0
600,1.765468647,1.693226179,0
601,0.401182296,0.772831143,0
602,-0.513865736,-0.37865793,0
603,-0.210693877,-1.343910727,1
604,1.585080224,2.272041474,1
605,-1.189427642,2.1320561,0
606,0.439944992,0.42502195,1
607,-0.159089074,-0.284611861,0
608,-0.439702685,2.828553891,1
609,0.136188397,1.24332708,0
610,0.026525168,-0.695486647,0
611,1.491336012,2.122266215,1
612,-2.07035749,0.045913457,0
613,-0.684606394,-0.682201035,1
614,-0.4269619,-0.811499164,0
615,2.200420632,1.477870043,1
616,0.385076732,1.062276733,1
617,-2.238414599,0.259816375,0
618,1.722471863,2.340972504,1
619,0.323399265,2.101706579,0
620,-0.537721746,1.090640554,0
621,0.195563718,-0.123732609,1
622,-1.840476428,-0.096232835,0
623,-1.703537131,-1.798733232,0
624,0.135216495,-0.415124136,0
625,-0.451246654,0.17697979,1
626,1.395122047,1.283163814,1
627,-0.125310471,0.680418589,0
628,-1.213690463,1.054012518,1
629,0.133210746,0.969800459,0
630,1.289634325,1.480040892,1
631,-1.47026275,1.084198517,1
632,-1.537166251,-1.422746735,0
633,0.434129488,-1.541873598,0
634,0.741677744,1.305445444,1
635,-0.779378897,-0.38544843,0
636,1.343766382,0.889879997,1
637,0.91220328,-1.753069381,0
638,0.129071849,0.71260293,1
639,-1.960845377,-0.179435664,0
640,-0.750309135,-0.410178525,0
641,0.331963114,1.067612399,0
642,-1.311940407,0.176863585,0
643,0.270185803,-0.007925082,1
644,-0.674739083,1.239833336,0
645,-0.177868906,0.130798065,0
646,-1.907770137,-0.807346536,0
647,-0.606044995,-0.916090766,0
648,0.848213889,-0.025895906,1
649,-0.975523736,-0.768464964,1
650,2.69231836,2.739116879,1
651,1.384413304,0.004622568,1
652,-0.290195112,1.187448602,0
653,1.505243048,0.642143368,0
654,-0.055461075,-1.686656447,0
655,0.530995604,1.512635621,0
656,0.917430696,-0.852247019,1
657,-1.493000398,-1.369382119,0
658,0.168377197,0.02272152,1
659,0.161397827,0.56281947,0
660,-0.981672387,-0.789279909,0
661,0.494293518,-0.566047299,0
662,0.484080481,0.700862092,0
663,1.865782273,1.431859781,1
664,-0.704696525,-0.705929767,0
665,-0.245526122,-1.29010476,0
666,1.552671357,1.796446567,0
667,-2.013818664,-0.742378618,0
668,-0.438274096,-0.014435812,0
669,-0.349282678,1.338831776,1
670,0.741004975,0.356127776,0
671,1.225701637,-0.13835716,0
672,0.254637099,0.055576366,0
673,1.067694846,-0.786201244,0
674,0.041916641,1.451674067,0
675,-0.011749609,1.597852208,0
676,1.006076978,1.638219814,1
677,1.285918508,1.480954156,0
678,0.509879904,-0.844639879,0
679,0.48532135,0.664768931,1
680,-0.226808369,0.21591835,0
681,-1.159759951,-1.271969145,0
682,-0.048222054,0.784287944,1
683,0.594560823,0.875341703,1
684,-0.052257012,1.771391377,0
685,0.569599009,1.233484034,1
686,-0.320915271,-1.449065138,1
687,1.876692024,1.31585046,1
688,0.014907781,0.075157911,0
689,1.425559619,2.27426427,0
690,-0.272980609,0.49372288,0
691,1.058189504,1.131287308,1
692,0.08568778,1.311606237,1
693,1.684904148,0.936794507,0
694,-0.237486912,-0.203331117,1
695,-1.155353917,-0.687693657,0
696,0.392946579,0.558962579,0
697,1.618784916,2.984783216,1
698,-0.581186058,0.796029858,1
699,2.128642765,1.037961443,1
700,-0.173441028,-0.29574645,0
701,-0.606077092,-1.478424337,0
702,2.201461638,1.801244879,1
703,2.075406856,2.152021167,0
704,0.389697024,1.970712515,0
705,-0.213216881,0.679546171,0
706,-0.565448295,1.515449918,1
707,-1.899914003,-1.017668062,0
708,-0.941285219,1.064216379,0
709,-0.001995042,1.830248484,1
710,-1.525106089,-1.359509809,1
711,-0.287209638,1.303623132,0
712,2.214869308,2.362129114,1
713,1.505725287,0.380286158,1
714,1.226644379,1.85673679,1
715,-0.647141933,0.119020672,0
716,-1.90620449,0.726149326,0
717,0.342794985,-0.900418522,0
718,-0.146179172,-1.418601975,0
719,0.254138722,-1.738130003,0
720,0.956068869,0.394451413,0
721,-0.190788624,0.952136732,0
722,1.698180133,0.617500609,1
723,1.930332968,0.740640059,0
724,-1.38973349,-2.314548496,0
725,-1.06060527,-0.432832382,1
726,0.050601815,1.641577415,0
727,0.642078083,1.789801816,1
728,-1.583533621,0.518875854,0
729,-0.490708426,1.030463562,0
730,-0.692845504,0.343085721,1
731,0.824501402,2.028664112,1
732,0.990520705,1.325759061,1
733,0.082136106,1.020159148,1
734,-1.48276189,-0.571137103,1
735,0.239054217,0.822254365,1
736,-0.395964729,0.55952518,1
737,3.12820165,2.193146179,0
738,2.101621075,2.042899608,1
739,0.500095931,-1.112526933,1
740,0.920440246,1.729145487,1
741,0.243876895,-0.224990856,0
742,0.71747,0.121325963,1
743,1.328323968,2.26573677,1
744,-0.136307396,0.581432343,1
745,0.558278518,1.707494914,1
746,-0.267942468,-0.500706889,0
747,-0.393717381,1.23809846,1
748,0.282937286,1.237729393,0
749,0.548534845,-0.022259141,0
750,-0.711135073,-0.223484894,1
751,0.369585937,2.210981928,1
752,0.224966098,0.856358165,1
753,-0.428004537,1.073854939,1
754,1.897184741,1.328697269,1
755,-1.216129942,-0.254879642,1
756,0.195634169,1.645068101,1
757,0.886326394,0.84323219,1
758,0.038076021,1.159708645,0
759,1.815855065,1.785709084,0
760,0.182681034,0.04171035,0
761,1.290040103,0.62211582,1
762,0.087696602,-0.283341281,0
763,-2.990192071,-0.385970983,0
764,-1.303382193,1.794151415,0
765,1.498232289,1.765550806,1
766,0.368487848,0.309461187,1
767,-1.945249177,1.017604359,0
768,0.226790251,0.486858074,1
769,-0.075474326,0.635716209,1
770,0.573196856,1.019107103,0
771,1.197954616,-0.334005018,0
772,-2.024904539,-1.181164934,1
773,2.072861972,-0.291503143,1
774,-1.057472104,0.520333395,1
775,0.22448984,0.328595446,0
776,-1.348604365,-2.383176469,1
777,-1.347241118,0.252929647,1
778,0.538561601,1.297523617,0
779,0.020335921,1.253030603,1
780,0.57380394,1.452789707,1
781,-0.450732494,-0.165675284,1
782,0.344248996,1.901205975,0
783,1.275300124,1.372111585,0
784,-1.655855808,-2.713084011,0
785,0.331616164,3.362547993,1
786,-0.307082825,0.160990945,0
787,1.469804115,2.189551625,1
788,-0.623244695,-0.283625472,0
789,3.059315327,1.232329839,1
790,0.920935671,-0.593183371,0
791,-0.367590461,0.936063294,1
792,0.643827506,1.577871238,1
793,0.480678315,0.219069361,0
794,-1.271827165,-1.974129414,0
795,0.16126756,0.75828376,0
796,-0.483133846,1.546728078,1
797,1.607952563,1.58453712,0
798,1.243574344,-0.008284079,1
799,0.843192919,-0.865500446,1
800,-1.624089226,0.953994629,1
801,-1.106787307,-0.673659928,0
802,-0.776014093,2.733681235,1
803,-2.852548306,-0.10055131,0
804,-0.260282027,-0.300155289,1
805,1.440507498,1.980587349,1
806,-0.120401652,-0.753666452,1
807,-2.439697058,-2.052743424,0
808,1.35689832,1.175421776,1
809,0.576517457,1.821906389,1
810,-1.402075233,-3.365167659,1
811,1.190783853,2.182601189,0
812,0.640944326,2.425882328,1
813,-1.417948606,-1.303168953,0
814,0.891465362,1.530050234,1
815,-0.236202563,-0.071385753,1
816,1.498113596,-0.160487167,1
817,-0.838312489,-1.038347118,0
818,0.907555938,1.691603433,0
819,1.88493466,0.484450688,1
820,-1.969709703,2.366910699,0
821,-1.839342812,-0.521887631,0
822,-0.633781004,-1.478217664,0
823,0.507570382,0.196177421,1
824,0.887120866,0.518156184,1
825,-1.612093107,-1.328235114,0
826,-0.825392645,-0.739559257,0
827,0.933096755,-0.145990158,0
828,-1.140531126,-0.609615241,1
829,-0.915489925,0.388821184,0
830,-0.571893906,-1.996804426,0
831,-0.187198724,-0.492173452,0
832,-1.682906828,-0.110765359,0
833,1.201293281,3.434022896,1
834,1.081780718,0.198556132,0
835,-1.207355271,1.745947183,1
836,0.748932204,0.674927952,0
837,-0.281355666,1.081263309,0
838,0.184558087,-0.13465811,0
839,-0.355196931,-0.744057943,0
840,2.826536828,3.646673344,1
841,0.341872062,1.309304031,1
842,2.498175375,-0.152395444,0
843,0.527356914,-1.440646337,1
844,0.050603835,0.61652557,0
845,-0.540767422,0.599820732,1
846,0.265205102,0.504384925,0
847,0.151649326,1.158720128,1
848,0.719239163,0.28997891,0
849,1.109923341,1.847910282,1
850,1.71963795,0.98904523,0
851,1.987944059,1.979322757,0
852,-1.522705696,0.091655076,0
853,-0.333920961,0.01814872,1
854,1.412561247,1.180910341,0
855,-0.850907209,2.246692658,1
856,0.359807536,-0.459825621,0
857,2.014693906,1.553077358,1
858,-1.913218652,-0.539649178,0
859,0.979303334,-0.228949211,1
860,-0.009752742,-1.15113856,0
861,0.296011606,-0.052762698,0
862,1.882269919,2.566279844,1
863,-0.986638179,0.462593285,1
864,-0.288557691,0.825793751,0
865,0.960383282,1.861447738,1
866,0.971045448,0.832381692,1
867,0.716274806,1.16627637,0
868,0.902155944,0.612281469,1
869,2.492147351,2.344810425,1
870,-0.049163309,1.242761944,1
871,1.061865248,-0.872232611,0
872,1.89737722,0.978400167,1
873,0.798714229,-0.253330185,1
874,-0.840391671,0.109820303,0
875,-0.375463788,0.603011408,0
876,-2.105302221,-1.564700446,0
877,1.830118534,0.841190346,0
878,-0.282482263,-0.066905785,1
879,0.468910222,0.409247614,1
880,1.206155053,0.815950022,0
881,2.03901375,3.677109741,1
882,0.227704713,1.48016085,0
883,1.879055654,-0.267219554,1
884,2.361836037,1.328759856,1
885,1.805739408,1.692533246,1
886,-0.418713449,-0.109553578,0
887,1.231722105,0.861371905,1
888,1.821168795,-0.239925374,1
889,0.187069155,1.543312553,1
890,0.363688479,1.165646029,0
891,-2.391567603,-0.640730935,0
892,1.113588383,0.72204109,1
893,0.783813439,1.19365538,1
894,-3.063351179,-1.771085398,0
895,1.29878028,1.389431782,0
896,-1.461064689,-1.344640119,0
897,-0.533287372,-0.072937218,0
898,1.296517851,1.341413638,1
899,-0.246384441,-0.557917886,0
900,0.698890535,-1.273163601,0
901,0.356016763,0.741681532,1
902,-2.49607685,0.322454162,0
903,-0.277203022,-0.725329312,0
904,1.195972301,-0.674357551,0
905,-0.453104878,1.121163422,0
906,0.529657441,1.83873666,1
907,-0.494861737,0.480457026,0
908,0.234057219,1.330073141,1
909,-0.761231465,-0.829390467,1
910,0.383499623,-0.011813754,0
911,0.072238485,0.233829604,0
912,-1.158945931,-0.229286699,0
913,0.432382393,-0.477239138,0
914,-0.437009284,0.15783421,0
915,-0.783611135,0.700299864,0
916,0.164310375,1.995263565,0
917,0.899813752,-1.449594229,1
918,1.003638382,0.76472825,1
919,-0.33821869,-0.727391932,1
920,-0.532002664,0.518305569,0
921,-0.015299226,-1.77419015,0
922,1.702448427,0.884800563,1
923,0.280546219,-1.897999264,1
924,0.230571035,0.793131343,1
925,0.08131014,-0.845351232,0
926,0.060361041,-0.753354718,0
927,-3.032981724,-0.954211541,0
928,0.42676065,-0.751848344,0
929,1.494251789,-0.867478841,1
930,1.414251521,0.416226828,1
931,-1.239539419,-0.545921065,1
932,-0.013178971,1.164336896,1
933,-1.79054258,1.307752599,1
934,-0.377776094,1.897083721,1
935,-0.36557057,0.260300621,0
936,-1.332588227,0.734168479,1
937,-0.03547391,0.533132797,1
938,1.56535474,1.379541081,1
939,-0.72837881,-0.430534481,0
940,-2.267340585,0.633654731,1
941,0.391627661,-0.520763906,0
942,0.30046238,0.658419588,1
943,0.843805699,-0.352762044,1
944,0.77906882,-0.079226174,0
945,0.007754457,-0.171215556,0
946,-0.256969622,1.672096005,1
947,1.409225118,1.014609226,1
948,-0.471397757,0.00744051,1
949,1.563498732,1.652227161,0
950,0.513317252,-0.221227675,0
951,0.57278168,1.007680155,1
952,-1.203539734,1.045011775,1
953,1.51880505,-0.015506154,1
954,1.065408934,0.564847239,1
955,2.11438463,2.190908631,1
956,-0.378680773,1.118663155,1
957,0.843842182,0.444045634,0
958,-0.8277319,1.224465847,1
959,2.457793991,0.861726243,1
960,-1.055546803,1.311129854,0
961,-0.15829613,0.47001901,0
962,1.116954434,1.546389345,1
963,-0.640353635,0.649542206,1
964,-0.458621191,1.411830854,1
965,-2.332055412,-1.89046908,0
966,1.792238129,0.631375549,1
967,0.834884928,1.365442135,1
968,0.140375433,2.222159712,1
969,-1.694136509,-0.591488842,0
970,-0.962085186,-0.963128132,1
971,-0.274023575,0.698804716,0
972,-0.428188313,1.517390377,0
973,0.459802073,0.916252503,0
974,0.597414173,1.170957687,1
975,1.326804471,1.523197272,0
976,-1.186758634,-0.714420216,0
977,1.115744302,-0.551320823,0
978,-1.351868349,0.787767753,0
979,0.375771666,-0.856927898,0
980,0.582231671,0.495666248,1
981,-0.693715266,0.488002172,0
982,2.645057398,0.551953844,1
983,-1.516560623,0.569528778,1
984,-0.651229968,0.613571929,0
985,-2.151064345,-0.634682069,1
986,-1.167877121,-1.360177395,1
987,0.193849473,2.302737924,1
988,-0.820650263,-0.24960935,0
989,-0.71543895,1.417993499,0
990,1.516866311,-1.17858716,1
991,-2.762153658,0.011256548,0
992,-1.275689238,0.521580972,0
993,0.480485898,0.443922899,1
994,-2.258140646,-1.517949286,0
995,-0.352802471,-0.103347028,0
996,-0.281069377,1.110494368,1
997,0.831928496,0.57164264,1
998,-0.193958795,-1.364974074,1
999,1.073921167,2.506005561,0
1000,1.832170124,1.588203755,1
1001,0.428967242,0.468600704,0
1002,-0.010956866,0.054234385,1
1003,-0.228340144,-0.301453969,0
1004,-0.525084207,-0.490017762,0
1005,-0.101786513,-1.232358759,0
1006,1.729696851,2.062663501,1
1007,1.782411833,1.243947236,0
1008,-0.611839564,1.105618239,0
1009,-0.727751122,-1.007305083,0
1010,2.303586484,2.253374506,1
1011,0.962363522,0.699992622,1
1012,-0.779549934,-0.539267326,0
1013,0.811380017,2.605510286,0
1014,-1.650211795,-0.754642254,0
1015,-0.108401128,0.866522472,1
1016,-2.221601223,-0.872052957,0
1017,-0.988488808,-0.733753618,0
1018,-0.667542893,0.198058148,0
1019,0.603068674,0.99303077,1
1020,-1.712878813,-1.350716319,0
1021,-0.095299975,3.040221861,1
1022,1.735709885,0.126610201,0
1023,1.446252414,2.096352653,0
1024,0.72613039,1.076104052,1
1025,-0.778905722,-0.982187651,1
1026,-0.256991371,0.839744689,0
1027,0.076114201,0.773462117,0
1028,-1.733953311,-0.436768324,0
1029,1.005857368,-1.034678536,1
1030,-1.639558469,0.139859639,1
1031,-0.223781003,1.03198786,1
1032,0.838857594,3.317819134,1
1033,-0.062404586,-0.835509194,0
1034,0.372342793,0.627180825,1
1035,1.116229011,0.359906558,0
1036,0.871039658,2.262606465,1
1037,-1.356390779,-0.913708763,0
1038,-1.186156841,0.763398699,0
1039,-0.067921643,3.362379343,1
1040,1.430288322,1.103116307,1
1041,-1.164454909,-0.375589127,0
1042,-2.081971232,-0.369201635,0
1043,-0.630782518,-0.811524768,0
1044,-2.920325672,-1.22604483,0
1045,1.342330999,1.836397393,1
1046,2.571641119,1.891478081,1
1047,-1.117992568,0.157303553,0
1048,-1.087463702,-0.199746308,0
1049,-0.664172745,-1.144979108,0
1050,-0.134605783,1.206793877,1
1051,0.888564262,2.480856678,1
1052,1.369230245,2.779690337,1
1053,-0.686192264,-0.160919723,0
1054,1.081865855,-0.04125626,1
1055,0.654713074,0.507938439,0
1056,1.736937596,0.805279034,1
1057,0.304877235,0.56942274,1
1058,-0.808410966,-0.396464248,1
1059,0.05160175,0.481924446,1
1060,0.236310958,0.323453598,1
1061,-0.518754594,-1.625295703,0
1062,-0.382207085,0.948212633,0
1063,-0.651553938,0.389873109,1
1064,-1.288310067,-1.337869856,1
1065,1.199060139,2.030205766,0
1066,-0.247628467,-0.072087799,1
1067,1.508283891,2.533243217,1
1068,0.297730629,-0.726298014,1
1069,-1.341215298,-1.183182635,0
1070,-0.309424935,0.1165919,0
1071,1.335556477,0.298947474,1
1072,-0.521994945,0.320871571,0
1073,-0.739124288,0.348740219,0
1074,1.67060322,0.719062109,1
1075,-1.659170902,-1.094147314,0
1076,1.412713693,1.820902708,1
1077,1.052007458,0.062072827,1
1078,0.521041308,-0.44150419,0
1079,1.829982015,0.064407048,1
1080,1.083458269,0.445412725,0
1081,0.944940005,-0.287066119,1
1082,0.754694076,0.538711658,0
1083,-0.038051369,-1.16270051,1
1084,-0.838897591,1.404871766,0
1085,-1.322244134,-0.23996609,0
1086,-0.472942979,0.8062813,0
1087,-0.047430481,0.532792923,0
1088,-0.903899363,0.460427945,0
1089,0.234080575,3.177676711,1
1090,-1.854406766,-3.113648309,0
1091,1.56820194,3.108460463,0
1092,-0.23428108,0.507838256,1
1093,0.892640201,0.520778703,1
1094,1.08137325,1.763115179,1
1095,2.413653602,2.619232543,1
1096,-0.227725721,0.634192101,1
1097,0.591102459,0.033498839,1
1098,-2.438643057,-0.771769181,0
1099,-0.630147462,-0.127385721,0
1100,0.009566009,1.597101551,0
1101,-1.072826661,2.182882125,0
1102,-0.999766767,-0.246359499,1
1103,-0.361823838,1.546419261,1
1104,-0.70268656,0.85996906,1
1105,-0.680703845,0.759729917,0
1106,0.542967311,0.044446049,1
1107,-0.418915612,0.106585084,0
1108,0.516050841,0.993064353,1
1109,-2.575936806,-1.00171419,0
1110,-1.170704955,1.003162265,0
1111,0.342068539,0.852063913,1
1112,0.166708402,-1.01463203,0
1113,-0.891001959,-0.118215309,0
1114,-0.72991804,-0.092338745,1
1115,2.112707194,3.966786103,1
1116,1.58239477,1.666935088,1
1117,0.872929125,0.437114604,0
1118,1.357493096,2.322868374,1
1119,2.026795587,-0.285647897,1
1120,2.099865468,1.780813409,0
1121,-0.322267994,0.260608063,1
1122,-1.059153356,-0.713564081,1
1123,0.018797391,0.562556437,1
1124,0.089653197,0.616006087,0
1125,-0.212577624,0.334347372,0
1126,0.110800747,0.233622341,1
1127,0.976358962,3.302581057,1
1128,-0.5122693,-1.271404269,0
1129,-0.028435229,0.227480808,1
1130,-0.314192208,-0.441142374,0
1131,-0.001460104,3.171442048,1
1132,-0.152895937,0.024211375,1
1133,0.716833921,0.641682508,1
1134,-0.832563511,-2.489280622,0
1135,-0.683287055,-0.816822339,0
1136,1.49582146,-0.313797945,1
1137,-0.840931626,-0.545809598,1
1138,-0.534698957,-1.098916611,0
1139,-1.509860579,-1.284932735,0
1140,0.466630517,0.954069994,0
1141,1.021088178,1.603148219,1
1142,-0.538312817,2.309880224,0
1143,-0.210712557,-0.368787827,0
1144,0.892388482,-1.029828312,1
1145,-0.623224435,-0.481326851,1
1146,1.241980949,2.242244849,1
1147,1.313895909,0.656869814,0
1148,-1.059800195,-0.922831277,0
1149,-0.035693925,-0.998495623,1
1150,1.544798612,1.316271603,1
1151,0.666524145,0.121196458,0
1152,-0.008680849,0.892205243,0
1153,0.77132249,0.630859099,0
1154,0.310680935,0.440536055,0
1155,-1.942409605,-1.351394381,1
1156,2.447972434,-0.988842259,0
1157,0.814482717,-0.404205348,1
1158,0.483878908,0.535371168,1
1159,-0.230383874,0.123100706,0
1160,-0.103556241,1.496005755,1
1161,0.810515336,2.083037318,0
1162,-0.887588206,-0.466699273,0
1163,-1.151499846,1.103777812,0
1164,1.475563624,0.74969994,1
1165,-1.171702169,-2.44085442,0
1166,-0.098613169,0.340374429,1
1167,-0.709123782,1.845177348,1
1168,-1.506083961,0.204533949,1
1169,0.331012094,1.596107392,1
1170,-0.027188078,0.811316869,0
1171,-1.043389179,1.21204818,0
1172,0.961655659,1.129772224,0
1173,-0.194301974,0.220742176,0
1174,0.21102696,0.556654149,1
1175,1.211113044,3.908756742,1
1176,0.17102415,-0.931984623,1
1177,2.034126219,0.988117878,1
1178,-0.17864111,-0.000412603,0
1179,2.470855842,3.760355464,1
1180,-4.120521964,-0.612393034,0
1181,-1.143712247,0.708530474,0
1182,-0.187538366,-0.469329927,0
1183,-0.332347045,-2.045274335,0
1184,1.293630841,2.21623842,1
1185,-0.425004789,-0.203987031,1
1186,0.491892785,1.057929202,1
1187,1.098912912,0.959779076,0
1188,1.456136811,3.538308022,1
1189,-0.736817097,1.099281594,0
1190,0.300670087,1.111196796,1
1191,-0.494090501,0.693004521,0
1192,0.775914554,0.527263921,1
1193,-1.212194185,1.369337128,0
1194,0.477359611,0.645859226,1
1195,0.872253289,-1.189921336,1
1196,3.038101559,1.19727172,0
1197,0.729240097,1.657603671,1
1198,0.363054595,-0.556301204,1
1199,0.160848079,0.779365634,1
1200,0.310261136,-0.5556821,0
1201,-0.96746001,0.8575058,0
1202,2.073622539,1.629302395,0
1203,0.408877304,0.129892768,1
1204,1.923566047,0.31713887,1
1205,1.78191097,1.071277401,1
1206,-1.669049822,-1.084972811,0
1207,0.567945043,1.815533204,0
1208,-0.806071523,-1.771713263,1
1209,0.333900534,1.453707413,1
1210,2.296291118,1.565999293,1
1211,-0.563806406,2.994498801,0
1212,0.351595257,1.13616054,1
1213,-0.466363268,-0.920415419,0
1214,-0.01025666,0.012963248,1
1215,-0.006299441,0.964861328,1
1216,-2.889168917,-0.796723393,0
1217,-0.548713198,-1.066262576,1
1218,0.788885307,0.745103846,1
1219,-0.937012897,-2.169367076,1
1220,0.212814878,-1.285729317,0
1221,-1.506855093,-1.05481666,0
1222,-1.778940522,-0.138716005,1
1223,3.506404904,1.154970252,1
1224,0.784209202,1.390626057,0
1225,0.355935925,1.638330522,0
1226,0.17291524,0.673126309,1
1227,-0.674557571,2.160500219,1
1228,-0.468680416,0.296568229,1
1229,-0.556540168,-2.408277247,0
1230,0.560776658,1.534146819,1
1231,0.096338731,1.011315903,0
1232,0.624792797,0.738386214,1
1233,0.728791718,2.264604425,1
1234,-0.075387266,0.369225511,1
1235,0.010606106,-1.608265857,0
1236,0.447451368,0.067529357,1
1237,-0.233726439,0.713369879,1
1238,-1.317034987,0.360466694,0
1239,-0.103868452,0.855186667,1
1240,0.594190127,0.095849061,0
1241,0.642558373,0.373823439,1
1242,0.407204833,0.501258825,0
1243,-0.515797391,-1.792565044,0
1244,-0.327225355,1.503670084,1
1245,0.534118991,-0.232174973,1
1246,1.268782313,1.009872837,1
1247,0.18513291,-1.009898156,1
1248,0.814049316,-1.522490478,0
1249,0.360894058,1.639126958,0
1250,0.251712535,0.45429745,0
1251,0.850722963,0.322190278,1
1252,0.734967663,0.575165764,0
1253,-0.572861535,-0.438091973,0
1254,0.926967915,1.022537316,1
1255,-2.09846348,-2.189518745,0
1256,0.616309184,1.503350547,0
1257,0.210887827,0.979698413,0
1258,-3.187710053,-2.284844073,0
1259,-1.405938837,0.23009768,1
1260,-0.241467732,0.03980905,0
1261,-2.182997037,-1.434990007,0
1262,1.226035479,2.441757431,1
1263,0.692659934,0.253696141,0
1264,0.045535027,1.106704253,1
1265,-1.525350265,0.888991529,1
1266,-0.015292845,1.74350037,1
1267,0.765593168,-0.278715294,0
1268,-0.688415753,0.012541092,0
1269,0.023073051,1.054859587,1
1270,-0.716153006,0.382278603,0
1271,0.836325711,1.460985733,1
1272,0.442805538,-0.039260676,0
1273,-1.679205246,-0.553829691,1
1274,0.452247235,2.329005584,1
1275,0.35473538,1.332678441,0
1276,-1.299997372,0.227295103,0
1277,0.357184262,2.845098088,1
1278,0.553620421,0.483799572,1
1279,0.023472768,0.409760412,0
1280,-0.680054361,-0.960011546,0
1281,0.770019903,2.359462261,1
1282,0.348840425,-0.024334468,0
1283,-0.294997289,0.271782014,1
1284,2.106881289,1.84512077,1
1285,-0.796519599,1.177855783,1
1286,1.792685744,-0.227264151,1
1287,1.666506573,1.216579021,1
1288,-0.412532537,0.173286532,1
1289,0.36876273,0.335659528,0
1290,1.8116259,0.833012584,1
1291,-0.557049781,-0.096872565,1
1292,-0.326001359,0.426578002,0
1293,2.772242377,1.55937594,1
1294,1.409678222,1.457134708,0
1295,-1.30153446,3.251075938,1
1296,-1.158916083,0.059552582,0
1297,-0.310682476,-1.787593724,1
1298,0.280515081,1.297179952,1
1299,-2.194077099,-0.600527698,1
1300,-3.301262252,-1.155747476,1
1301,-0.683433904,0.724876194,1
1302,0.087675394,2.950994904,1
1303,-1.457996911,-0.660021665,0
1304,-0.262653989,-0.292380906,0
1305,-0.613300542,-1.316326364,1
1306,0.456663194,0.557360455,1
1307,-0.212674178,0.62967744,0
1308,-0.390170932,1.581589996,1
1309,0.555960647,1.096130321,1
1310,1.300083628,-0.081078751,1
1311,0.418456134,0.150326993,1
1312,0.140452193,1.777425188,1
1313,0.519017246,-0.035199543,1
1314,0.84699672,1.641197044,0
1315,0.929815353,0.774462712,1
1316,-0.527732093,1.380582585,0
1317,-0.966398931,-1.3153753,0
1318,0.456025924,0.719404953,1
1319,-1.510305237,-0.519331364,1
1320,-1.306096555,-0.294828282,1
1321,-1.713506244,-1.806875116,1
1322,0.06467115,1.533387123,1
1323,1.720580392,-0.136238662,0
1324,-0.932332029,1.057520973,0
1325,1.444482568,2.162131569,0
1326,1.055551053,1.427806019,0
1327,-0.055422983,0.083604855,1
1328,1.652773634,1.266112474,1
1329,0.951494362,0.747268598,1
1330,-1.959344753,-0.611920821,0
1331,1.713803463,2.548376711,1
1332,0.498178671,1.442753287,1
1333,0.948677671,0.071202056,0
1334,-0.903142222,-0.936949505,1
1335,0.101775724,-1.082094999,1
1336,2.129352807,2.647456591,1
1337,-0.461034444,-0.432752096,0
1338,0.146576615,0.404131181,0
1339,0.093954655,-1.347613202,1
1340,1.604542069,-0.092626131,1
1341,-1.193349587,-1.396022526,0
1342,-2.151588122,-0.026882072,0
1343,-0.5877125,0.655699376,0
1344,-0.540429478,2.260173409,1
1345,0.92283817,0.333277956,1
1346,0.033878817,-1.36469332,1
1347,-0.685453235,1.670217577,1
1348,-0.249710234,0.126526623,0
1349,-1.185264024,-0.769398909,1
1350,0.577511651,-1.142103131,0
1351,0.317739359,-0.019800884,1
1352,0.638066841,1.599003692,1
1353,0.94297189,0.98547371,1
1354,1.473686425,1.665844637,1
1355,-1.14344734,0.208417435,0
1356,-0.383299174,-0.086995194,0
1357,-2.328693844,-1.550667968,0
1358,0.59757265,-0.27441225,0
1359,-0.604326247,0.201653127,0
1360,2.821457933,0.044303185,0
1361,0.436671902,3.696809474,0
1362,1.136358746,-0.218076866,1
1363,0.830083029,0.023252399,0
1364,-1.656192726,-0.123910179,1
1365,-0.55777268,-0.431852496,0
1366,-0.747175191,-0.02658785,1
1367,-0.051974597,-0.864772485,1
1368,-1.16966102,-1.210556244,0
1369,1.660339358,0.433590614,1
1370,2.297123798,2.705204314,1
1371,1.019229314,0.957752718,0
1372,1.214040249,0.745288673,1
1373,0.371200357,0.999626397,1
1374,1.691398043,1.362609328,1
1375,1.376625565,-1.174178997,1
1376,0.535976154,0.651560504,1
1377,0.73387904,0.660006279,1
1378,-0.088327995,1.338182283,0
1379,-1.05800474,-1.095914155,0
1380,-1.212010516,-0.654499768,0
1381,-1.338291747,-0.364780569,0
1382,1.844052265,1.319112344,1
1383,0.743683497,0.087488912,1
1384,0.698555155,-0.664625612,0
1385,0.847845185,-0.813163178,0
1386,-0.356330237,0.150164123,1
1387,-2.204509958,-2.238677264,0
1388,-1.980047939,-0.689195108,0
1389,0.006408043,1.497833006,1
1390,-0.661720365,1.03853611,1
1391,0.094429996,0.129199838,0
1392,-1.436957276,-0.157488105,0
1393,1.336926258,2.856125093,0
1394,0.851810893,1.224359398,0
1395,-0.370413616,1.075546791,1
1396,0.575026037,1.499889305,0
1397,0.282199304,-0.052691539,1
1398,0.765567287,-0.078898915,1
1399,0.313526957,1.162439286,1
1400,1.30873094,3.07941967,1
1401,2.343750398,1.43090782,1
1402,-2.584822943,-0.831579409,0
1403,-1.008765976,1.274615458,0
1404,0.034088645,0.734834474,0
1405,-2.309799292,1.023525999,1
1406,-1.35604358,0.874936424,0
1407,-1.362558384,-0.684566608,0
1408,2.299851226,-0.750643712,1
1409,-0.703218487,0.513351069,0
1410,-0.236039078,1.821980495,1
1411,1.274046044,1.137842212,0
1412,-1.507112312,-2.062153512,0
1413,0.488277046,2.192789385,1
1414,1.27541464,2.990041928,1
1415,2.090779268,2.644468003,1
1416,-1.372436635,-0.080298215,1
1417,1.020999621,-0.409023988,1
1418,-0.722993279,1.385699405,1
1419,-0.625349063,-1.247618385,0
1420,-0.767218675,0.639292612,0
1421,-0.289007133,-0.078128501,1
1422,-0.184717039,0.330925679,0
1423,-0.8984025,-1.565326637,0
1424,1.413069163,2.330300803,0
1425,0.500659352,-0.711071944,0
1426,0.051585332,-0.041079979,0
1427,0.150803587,1.659679597,1
1428,0.15718826,0.306566247,1
1429,0.8430909,-0.485576088,1
1430,0.382596206,-0.242565003,0
1431,-0.876180704,0.038843232,1
1432,1.368581066,2.144515132,0
1433,0.190573001,1.096493092,0
1434,0.869190197,0.94689466,0
1435,-1.096042828,1.07290654,0
1436,-1.187690999,0.62677975,0
1437,-0.420259603,0.127010342,0
1438,-1.588736631,0.188656566,1
1439,0.79446666,1.059613658,0
1440,-0.239800898,0.620691347,1
1441,0.84139607,0.80715707,1
1442,0.342949361,2.713517782,0
1443,0.734736505,0.712507466,0
1444,0.488941855,3.226479403,0
1445,1.58478488,1.014881529,1
1446,0.683185558,2.077202462,1
1447,-0.737340257,1.095638033,1
1448,0.66554095,0.727781443,0
1449,-0.799062765,-0.24263855,1
1450,-1.471410535,-1.343948716,0
1451,1.361679603,0.095593918,1
1452,-1.157371943,0.956612605,0
1453,0.326546046,1.104066669,0
1454,0.176540105,0.810412563,0
1455,-2.512083066,-3.44520541,0
1456,0.112577034,-0.621091798,1
1457,0.692158631,1.48107662,0
1458,0.917242048,0.958987252,1
1459,-1.378898212,-0.050959796,0
1460,1.834521119,1.184969568,0
1461,-0.101020821,0.928218608,0
1462,0.719290384,1.627815506,0
1463,2.378564553,2.770545904,1
1464,-0.257591685,0.833577163,1
1465,0.090918835,1.052949894,1
1466,1.148944674,1.20737182,0
1467,0.386983462,0.850927305,0
1468,0.308051767,0.118751872,1
1469,0.3084818,1.213109133,1
1470,0.924259199,0.893246957,0
1471,-0.960910797,0.722708508,0
1472,1.031616689,1.371716062,1
1473,2.949504812,2.528278488,1
1474,-0.898391734,0.309202625,1
1475,1.100058933,-0.136871486,1
1476,1.624918395,1.038331503,1
1477,1.784316534,0.169307308,1
1478,1.850347844,0.453106451,1
1479,-0.556019058,0.457889913,1
1480,0.752246464,2.008900331,0
1481,1.640374101,1.217169201,1
1482,-1.209120631,-0.540516918,0
1483,0.075763819,-0.035536828,0
1484,1.230995776,1.65235177,0
1485,0.319641291,-1.450782564,1
1486,-0.033130131,-1.077433675,0
1487,0.573605524,2.156508411,1
1488,-1.842682306,-1.890059021,1
1489,-0.432342267,-0.478415169,1
1490,-0.679584255,0.870567732,1
1491,1.344537135,-0.78566941,0
1492,-0.562736103,0.084377334,0
1493,0.163421418,0.095166528,1
1494,-0.558285035,-0.788312315,0
1495,0.340259327,2.153912052,1
1496,3.443562179,2.411351466,1
1497,-0.275245967,-0.491723852,1
1498,-1.053981156,-1.172956861,1
1499,-0.556619999,-0.637698283,1
1500,-1.402250019,-1.92142884,0
1501,-0.364600019,0.050647509,1
1502,0.52503119,1.53633196,1
1503,-1.236401854,-1.524414273,0
1504,-0.571452735,-0.329159347,1
1505,0.124559687,2.649803648,1
1506,0.907331596,0.409625364,1
1507,-0.348682363,0.328957305,1
1508,0.451603607,-0.016567598,0
1509,-1.644572948,-1.654419965,0
1510,-0.238792189,0.713151177,0
1511,2.72640028,2.740778435,1
1512,1.116130092,-0.833250755,0
1513,0.574592372,0.804673706,1
1514,-0.346253641,-1.403475105,0
1515,-1.193640609,-0.17796663,1
1516,-2.410860474,-1.441219379,0
1517,0.728352468,-0.879604577,0
1518,1.824584713,1.199543947,1
1519,2.276610516,1.331384366,1
1520,1.65921899,0.574739229,0
1521,1.760574693,-0.428026734,0
1522,0.892458119,0.766049828,1
1523,-0.591922097,1.378982343,1
1524,-2.110580997,-0.503882836,0
1525,-0.818741787,1.057713111,0
1526,0.413430055,1.674766109,1
1527,-0.015290298,1.773753923,0
1528,0.460019403,0.901958751,1
1529,-0.540103439,-0.854918999,0
1530,0.987745377,0.572445113,0
1531,0.778640361,-1.196610727,0
1532,0.053076812,0.802751764,0
1533,-0.338067342,0.403076182,1
1534,0.631611553,-0.468160467,0
1535,0.79723227,0.336821887,0
1536,2.311207852,1.118062669,0
1537,1.67572026,1.847952069,1
1538,-0.899777726,0.16529593,0
1539,-0.247775708,0.372258555,0
1540,-0.127386802,0.212360958,1
1541,0.331593293,-0.075446085,1
1542,-0.211047732,-0.345922506,0
1543,2.309074579,2.177554673,1
1544,-0.238658325,0.095195694,0
1545,-0.097706337,-0.236739276,0
1546,-1.272267388,0.719349358,0
1547,-0.682190685,1.057524581,0
1548,0.64646871,-0.26565431,0
1549,-0.190046135,-0.281741175,0
1550,-1.644508975,0.120397499,1
1551,-0.423361912,-0.512968709,1
1552,1.107515578,1.307975702,1
1553,0.902112223,0.843448214,0
1554,1.078192317,3.363253333,1
1555,0.235376085,-0.235377183,1
1556,-2.397449728,-1.993974473,0
1557,0.167580376,1.048963493,0
1558,0.067801456,2.947543847,1
1559,0.551147094,0.742230696,0
1560,-0.875370677,0.113437151,0
1561,-0.585605758,-0.29055538,0
1562,-1.398196294,2.223211384,1
1563,0.132393192,0.954171651,1
1564,1.862216475,1.658535882,1
1565,0.326681637,0.837129363,1
1566,-0.568268548,-1.958743988,1
1567,-1.516134402,-0.982232027,0
1568,0.584320416,-0.806251947,0
1569,0.210719767,-1.058020556,1
1570,2.347282237,1.92734746,1
1571,-1.151389993,0.774140561,0
1572,-0.934304828,-0.014062374,1
1573,0.150772447,0.138773856,0
1574,1.084003576,1.477117641,1
1575,-0.595575566,-0.093276472,0
1576,-0.687759942,1.196383492,1
1577,0.707467813,1.701757168,1
1578,-0.120499309,-0.929659397,0
1579,-0.541810145,0.748134174,1
1580,0.743191327,1.199225459,0
1581,0.414178567,-0.018457149,1
1582,0.823665426,-0.688175011,0
1583,0.861448578,0.080580008,1
1584,-1.587784389,-0.655375606,1
1585,0.566847266,1.091037576,0
1586,0.085870875,-0.145331395,0
1587,-0.81333493,-1.435100526,0
1588,0.843421522,1.9172827,0
1589,-0.47718092,-1.89786702,0
1590,0.264643405,-0.35310298,0
1591,0.642168056,-0.76983861,0
1592,0.884976169,2.097875025,1
1593,0.045382406,1.504716972,0
1594,0.978132342,1.89587915,1
1595,-0.232660552,-0.892288761,0
1596,0.248500673,2.583195436,1
1597,0.590867701,2.941247741,1
1598,-0.9006174,-1.559586104,0
1599,-0.768005166,-0.977887125,0
1600,-1.442269607,0.368765137,1
1601,-0.895397084,-0.809626394,1
1602,0.358096151,-0.635238861,0
1603,-0.225566598,-1.392059222,0
1604,0.650139812,1.514323284,1
1605,0.476531382,-1.434392985,0
1606,0.027534275,0.887570401,0
1607,-0.057370996,0.167098141,0
1608,-0.082406435,-1.129098194,0
1609,0.523726184,-0.121949224,0
1610,-1.194797795,0.478241684,0
1611,1.628160003,1.383528709,1
1612,1.371726761,-2.061743839,0
1613,-1.73117465,-1.696468253,0
1614,-1.199630423,-1.181725265,0
1615,0.2130436,1.317191085,1
1616,-0.458917519,-0.412459846,0
1617,-1.964830774,-1.376493783,0
1618,-0.897635914,0.576653385,0
1619,1.426676219,-0.586645165,1
1620,2.666124841,1.510183349,1
1621,0.589595999,-1.587078036,0
1622,-1.107462432,-0.075280532,0
1623,-1.757356634,-1.452538174,0
1624,-0.148828672,-1.797811737,0
1625,-0.231168142,1.360377624,0
1626,0.957738424,2.005785232,0
1627,-1.373181898,0.699870994,0
1628,2.303146731,-0.138763643,0
1629,-1.171419122,-0.279267535,0
1630,0.269069096,-0.152982616,1
1631,0.564455972,0.293260143,0
1632,1.144501562,1.933004052,0
1633,0.404503213,0.740954822,0
1634,2.489884617,1.933368166,1
1635,2.183511707,2.352004237,1
1636,1.880721101,1.019214561,0
1637,-2.671442632,1.408945059,1
1638,1.288052618,0.598148913,0
1639,0.405546791,-2.401040619,0
1640,1.35925911,1.028333668,0
1641,-0.397277646,-0.660001721,0
1642,-1.384773401,0.120760697,1
1643,3.335740039,3.605869002,1
1644,0.78198314,1.794246705,1
1645,0.679971243,0.964793851,0
1646,1.121503415,0.376820443,0
1647,1.838975655,1.8570658,1
1648,-1.36689627,-0.126170564,0
1649,0.010087839,-1.717294947,1
1650,-0.827275461,0.638471208,1
1651,1.345278272,1.687286446,0
1652,1.355129661,2.716741343,1
1653,0.34456617,1.654094872,1
1654,1.315395666,1.452042879,0
1655,-0.165711819,0.337485788,1
1656,-1.176312904,1.06757464,0
1657,-0.844624518,1.461329151,0
1658,-0.301560595,1.285855273,0
1659,-1.373261898,1.101621821,0
1660,1.035338709,0.286907631,1
1661,0.1905963,1.403232666,1
1662,0.0424229,-0.011932679,1
1663,0.303097968,0.077081463,0
1664,0.550210142,0.497344415,1
1665,-1.143771497,-1.544471237,0
1666,0.425152015,0.154813186,0
1667,2.974922073,1.531530102,1
1668,0.114171391,0.464433883,0
1669,-0.978491668,-1.36028188,0
1670,0.458332503,1.397470653,1
1671,-0.202144062,0.41878601,0
1672,2.054425307,0.761989414,1
1673,-1.292950306,-0.105934202,1
1674,0.735453451,0.456448452,1
1675,1.101985567,-0.077440241,0
1676,0.580607459,-0.115650281,0
1677,0.517156169,0.514370859,0
1678,-0.050081281,1.462774352,1
1679,-0.704584129,-0.9691937,0
1680,-0.544131931,0.745037153,0
1681,-1.572579638,1.130330796,0
1682,-1.074194062,-0.476618411,0
1683,0.948078031,-0.363253428,1
1684,-1.346260969,-0.246802102,0
1685,-1.715068325,-0.438914502,1
1686,-1.689733616,0.443349056,1
1687,-1.284175641,-0.314339954,0
1688,0.796200183,1.19911601,1
1689,0.498996669,-1.15838179,1
1690,-0.166062361,1.527518014,1
1691,0.049604978,2.517629098,0
1692,-0.701723243,-0.971753136,0
1693,0.074676571,0.291574841,1
1694,1.132698696,2.149729382,1
1695,0.774120969,1.352678476,1
1696,-1.227224982,-0.430858253,0
1697,1.410902245,0.677727995,1
1698,0.697019756,-0.566797821,1
1699,0.537215772,0.004579814,1
1700,-0.4130311,2.013428455,0
1701,2.380366072,3.593368717,1
1702,1.65039194,2.306633151,1
1703,0.468582087,1.360239075,1
1704,-2.058455403,0.858751624,1
1705,-0.395107847,-1.676605169,0
1706,0.660667181,1.056099235,1
1707,-0.865035004,0.38446545,1
1708,1.642756666,0.173257373,1
1709,2.26433546,1.60335343,1
1710,0.773821793,1.842655767,0
1711,0.772782908,1.14126682,1
1712,1.745521899,0.376903484,1
1713,-1.408999162,-0.032732743,0
1714,1.513740872,1.431272348,0
1715,-0.896690802,1.341575414,1
1716,1.878451318,0.166022054,1
1717,3.799055824,2.078626435,1
1718,-0.695309866,1.08428367,0
1719,-0.872130291,0.841352154,0
1720,0.610530676,-0.191861868,0
1721,-1.367057442,-0.219684667,1
1722,-0.662088305,0.067862974,1
1723,-1.428231195,0.661700882,0
1724,-0.612412553,0.914750096,1
1725,-0.708377711,0.003758111,0
1726,1.975812793,2.135708335,1
1727,1.064325122,2.301261448,1
1728,-1.414348026,-1.34413206,0
1729,-1.576511454,0.113945757,0
1730,0.526946745,2.985062373,1
1731,1.140102193,0.266712719,0
1732,1.723357946,1.290458637,0
1733,1.271626374,0.876237984,1
1734,0.717505646,2.352979085,1
1735,0.083210688,1.007723192,1
1736,0.520215454,-1.40998047,0
1737,0.359892103,0.124934834,0
1738,1.607913376,-0.597235076,1
1739,-0.926776409,0.70345971,0
1740,0.355354543,-0.247821369,0
1741,0.88131276,3.036640394,1
1742,2.816871422,1.425922152,1
1743,0.287180663,1.445351224,1
1744,0.933159717,1.950467579,1
1745,-0.563191867,-0.267831669,0
1746,-0.18321009,-1.100933323,1
1747,1.112369513,-0.024266813,0
1748,-0.230876443,0.467289161,0
1749,-0.665712941,-1.489325211,0
1750,0.184813328,1.67446181,0
1751,-0.00471039,0.189822063,1
1752,-1.710109564,-0.744511315,0
1753,1.13134446,-0.948767885,0
1754,0.573520548,2.248234632,1
1755,-0.83430047,-1.048034862,0
1756,-2.87685747,-2.130028822,0
1757,1.67468711,1.183473673,1
1758,-0.798441026,1.594897677,1
1759,-1.077787381,0.139062064,1
1760,0.002489271,0.863765956,0
1761,-0.850199147,-0.892150416,0
1762,-0.343005719,0.909309437,0
1763,-0.092911149,0.172858858,0
1764,-1.737509886,-1.99917227,0
1765,-0.470199441,-0.355534887,0
1766,0.377604935,0.090842449,1
1767,0.464687385,-1.405948263,0
1768,1.456034794,1.642428478,0
1769,0.524035211,0.849456438,1
1770,0.00111125,-1.260427406,0
1771,-1.710823311,0.446034325,1
1772,0.280655475,1.495743157,1
1773,-0.916918605,1.209908645,0
1774,-0.581933937,1.250515206,1
1775,-0.715963338,0.589446825,0
1776,-0.873038654,0.641374379,1
1777,2.282054498,1.758975422,1
1778,0.355844976,-0.590914192,1
1779,0.723323096,2.902100083,1
1780,-0.127468297,-0.636232397,0
1781,1.232516104,0.232498437,0
1782,-0.666666973,0.48058269,1
1783,-1.926311329,-2.102336134,0
1784,1.163069562,2.999353202,1
1785,-0.83349413,-0.150300781,1
1786,-0.949987585,0.986177133,1
1787,0.947439593,0.683884284,0
1788,1.548237699,1.293258731,1
1789,-0.475130079,1.887550157,1
1790,-0.11634305,1.470609988,0
1791,-0.625332706,-1.345476671,0
1792,1.560858745,2.045950351,1
1793,-1.997047673,-0.880573516,0
1794,-1.03387642,1.137863644,1
1795,-1.486848845,0.0677374,1
1796,-1.029325561,0.681888502,0
1797,-0.578892537,-1.672070221,0
1798,0.387327431,0.89895596,0
1799,-0.178730702,-1.968096937,1
1800,-0.703513623,-0.827330226,0
1801,-0.148934377,0.427418753,0
1802,2.374500397,0.848271555,0
1803,-1.262240961,0.520271121,1
1804,1.318409782,-0.09434191,0
1805,-0.245706205,-0.753678148,1
1806,0.103701323,1.139957608,0
1807,1.196603743,0.285492481,1
1808,-1.109435851,-0.998999624,0
1809,-2.395483738,-0.198372584,0
1810,0.093912573,0.441728676,1
1811,0.850975456,-0.253752806,1
1812,0.147550994,0.746203879,1
1813,2.838559039,2.022387585,1
1814,1.040955594,-0.144406455,1
1815,0.288640744,0.756296506,0
1816,1.991982295,0.25767376,0
1817,-0.113665183,-1.117019101,1
1818,1.327214952,0.693258122,0
1819,1.329744337,2.335096407,0
1820,0.875228235,1.309949332,0
1821,0.697214415,-0.912598862,1
1822,-0.061694295,1.866989412,0
1823,0.671377281,0.458672044,1
1824,-1.226601061,-0.190071723,0
1825,1.893263806,0.212646661,0
1826,0.314632904,-0.140274321,0
1827,2.315068454,2.521515924,1
1828,2.971461937,2.861093784,1
1829,-1.264739245,-0.406252873,1
1830,-0.227661723,0.103523654,0
1831,1.283397467,0.138148608,1
1832,-0.512593276,1.595870092,1
1833,0.528485606,-0.271324819,1
1834,-0.929934829,-2.522642164,0
1835,0.687294336,1.603406587,1
1836,0.256274921,0.870579443,0
1837,0.575742008,-0.451271288,1
1838,-0.499882047,1.246960532,1
1839,-0.419921084,0.335389356,0
1840,-0.500209472,0.037329926,0
1841,-1.809582541,0.045079187,0
1842,0.523266692,1.875457126,0
1843,-1.002112074,-1.863433009,0
1844,-0.81758017,-0.452301369,0
1845,-2.306336021,-0.253511183,0
1846,2.741447769,-0.769131343,1
1847,-1.620751687,-3.172892284,0
1848,-0.141043176,3.980565337,1
1849,0.888954798,0.784111169,0
1850,-0.436967909,0.419538791,1
1851,1.99921876,0.964080493,1
1852,0.562914433,0.920186186,1
1853,-1.383064985,-0.802563187,1
1854,-1.755067517,-1.716610969,0
1855,1.652507528,0.644610934,1
1856,-0.252785292,0.313258904,1
1857,-1.461351474,0.341825097,0
1858,-0.340676762,-0.292811586,0
1859,0.586386315,1.198803647,0
1860,1.704119067,1.23593103,1
1861,0.605394676,-0.495899696,0
1862,-0.095190188,-0.186220424,0
1863,0.25348503,-1.369242698,0
1864,1.714619166,1.486052674,0
1865,1.012257321,2.322130623,0
1866,-1.408098604,-0.794425307,1
1867,1.01138841,-0.290471618,0
1868,-0.222264651,2.246750342,1
1869,0.624349875,1.583362417,1
1870,1.227981888,0.882405337,1
1871,-1.767298019,-0.922511046,0
1872,1.189914234,1.088136074,0
1873,-1.845857679,-0.337998895,0
1874,1.477136939,2.397805564,0
1875,-0.5626786,-0.623418673,0
1876,-1.275282292,1.278271214,0
1877,1.145628581,2.015597382,1
1878,-0.347612547,-1.714005398,1
1879,1.232479039,1.900618164,1
1880,-0.497577412,0.798909474,1
1881,1.118348041,1.681525641,1
1882,-0.049266386,1.339255732,1
1883,0.874951696,2.105013728,1
1884,0.446720777,-0.410307185,0
1885,-0.938701555,0.442553587,1
1886,-2.027993206,-0.466117924,0
1887,-0.008290398,0.06557987,0
1888,-0.353960635,-0.833045066,1
1889,0.390182588,-0.459478369,1
1890,1.506158158,-0.254271806,1
1891,0.009930411,0.39575525,0
1892,0.064910506,1.846063048,1
1893,-1.711195266,-0.123560245,0
1894,0.76899446,1.706154844,1
1895,-0.478762857,0.07914208,1
1896,0.089309723,1.479457049,1
1897,1.835191337,0.93913539,1
1898,-0.611543684,-0.055036406,1
1899,-0.759763505,0.067472788,0
1900,0.632157922,-0.0063607,0
1901,-0.076584943,-1.582728661,0
1902,-0.004018278,-0.39280871,1
1903,-0.679038901,0.317578157,0
1904,1.13101008,0.94029858,1
1905,-1.411231692,-0.312695389,0
1906,-1.306117983,-0.901033575,0
1907,-1.035913378,0.910696441,0
1908,0.911996027,-1.107513306,0
1909,-0.087305567,0.627301139,1
1910,0.749275456,0.530731676,1
1911,2.10485174,2.092292024,0
1912,1.703391612,0.897608051,1
1913,0.772360044,0.700870108,0
1914,0.739140196,0.866019589,0
1915,-0.167077504,-0.479054642,0
1916,0.425182395,0.006174198,0
1917,0.095610496,0.065731011,0
1918,-0.832470377,-0.908961835,0
1919,-0.946967422,0.898655106,0
1920,0.802454781,1.551167999,1
1921,-1.145953461,0.724506807,1
1922,-1.815584693,0.830293837,0
1923,-0.242439036,-0.878379612,0
1924,1.005826925,0.554097249,1
1925,0.655951588,0.537021566,1
1926,-0.740445375,-0.582650155,0
1927,-0.687379457,-2.300310741,1
1928,-0.358346818,0.242434486,1
1929,0.516254427,-0.631436839,0
1930,-0.831272837,-0.806236706,0
1931,-1.064894196,-1.786324455,0
1932,1.462373733,1.275767114,1
1933,0.772134436,0.263604928,0
1934,0.942249796,0.323064177,0
1935,-0.608661401,-0.670660717,0
1936,-1.489126055,0.712835474,0
1937,1.591087728,1.457063612,0
1938,-0.568498246,0.594044715,0
1939,0.351063775,0.281620225,1
1940,1.627826084,0.73550592,1
1941,-0.725769256,-2.114185836,0
1942,-0.370020147,-0.48852686,0
1943,-0.747974881,2.024842095,1
1944,-0.948915531,0.47322479,1
1945,1.141893499,0.810887427,0
1946,0.100687703,-0.478048596,1
1947,-0.066813008,-0.301179158,0
1948,-1.777813834,-1.514754893,0
1949,3.19181607,1.49801452,1
1950,-1.687902066,0.852078529,1
1951,-1.339525252,-1.26389743,0
1952,1.372724468,2.711524136,1
1953,1.036785554,1.075699785,1
1954,-1.954767041,1.521130719,0
1955,0.341604868,1.507289618,1
1956,0.589682274,2.454235988,0
1957,-2.555591491,-2.074724521,0
1958,-0.485510062,-0.516356854,1
1959,-0.93533692,-2.068761582,0
1960,1.070796787,0.09401124,0
1961,0.18032965,0.185333331,0
1962,0.128361243,-0.118192549,0
1963,1.054977942,-0.47069326,1
1964,1.520308934,1.4381127,1
1965,-1.76658662,-1.530101648,0
1966,0.220634782,-0.032118414,0
1967,0.432336481,1.276579053,1
1968,1.081100353,0.024341363,1
1969,0.909935864,2.257091069,0
1970,-1.090318642,0.517150648,1
1971,-0.100331153,-0.346466116,1
1972,1.4406114,1.018633013,0
1973,0.239246857,-1.011253627,0
1974,2.285100569,1.719537184,1
1975,0.424851038,0.844894026,1
1976,1.14114473,-1.213949756,1
1977,0.846040198,1.111676033,1
1978,1.990949389,1.040806086,1
1979,-1.221611882,-0.113642291,1
1980,-0.685137397,0.656079591,0
1981,1.405419161,1.439954077,1
1982,1.147197184,1.426769326,1
1983,0.443828797,-0.168512848,1
1984,0.111098507,-1.574457873,1
1985,0.515816521,0.295299035,1
1986,0.21790596,0.612249668,0
1987,-1.518575212,-2.362518926,0
1988,0.632481539,0.508842651,1
1989,0.850887269,0.487220465,0
1990,0.312873666,1.310548504,0
1991,1.770845029,-1.949722501,1
1992,-1.097705219,-1.71009389,0
1993,-0.141048214,-0.256936376,1
1994,-1.266999268,-0.865227256,0
1995,-0.673759358,-1.005966268,0
1996,1.285165555,0.645443074,1
1997,0.3430043,-0.074618973,0
1998,-0.465023191,-0.015376244,1
1999,-0.730380096,0.988445183,1
2000,-0.988324995,-1.127488881,0
2001,-0.701279783,-0.947698756,0
2002,0.564237643,-0.470397884,0
2003,1.320853094,1.147899291,1
2004,0.029158852,0.212891278,0
2005,-0.565965533,0.264248791,0
2006,-1.228101924,-1.296668303,0
2007,1.831267031,0.997704888,1
2008,1.50405318,3.36615538,1
2009,0.777264437,1.947747173,1
2010,0.123445273,1.272154162,1
2011,-0.489317745,0.58563888,0
2012,0.282793438,-0.904568536,1
2013,1.982550128,0.533362393,0
2014,0.251508669,1.36896189,0
2015,3.701625348,4.201411586,1
2016,1.367325311,0.587934247,1
2017,-1.081412409,-0.335376452,1
2018,-0.088975716,1.123472927,1
2019,-1.121314698,-0.617328686,0
2020,0.801691822,0.227647687,1
2021,-0.046730315,0.42774231,0
2022,0.080898611,0.04784158,0
2023,-1.1361188,0.143759513,1
2024,1.550013852,1.590979753,1
2025,-1.192450759,-3.255736599,0
2026,0.402764593,0.596860424,1
2027,-0.273976323,1.57447367,1
2028,-0.566046751,-0.034193577,1
2029,1.066945221,-0.152817558,1
2030,0.993845684,0.163940457,0
2031,-1.488444797,-0.194295452,0
2032,0.773801941,0.693589676,1
2033,1.788606537,1.312561661,1
2034,-0.135133739,0.25652407,0
2035,0.745826917,0.683500391,0
2036,-0.345911167,0.974540453,0
2037,-0.376806199,0.18094602,0
2038,-0.483937414,0.480316728,0
2039,1.803304554,-0.202865555,0
2040,0.115602594,0.042103002,1
2041,0.073226604,1.016622015,1
2042,-2.157025523,-0.136192895,0
2043,0.50205073,-2.016951596,1
2044,2.563337698,3.9495527,0
2045,1.444084329,-0.279150646,0
2046,-0.897159069,-0.47959406,0
2047,0.516847832,0.738823974,1
2048,-2.042543548,0.06938996,0
2049,1.745691769,0.900877033,1
2050,-0.60488875,0.122938068,1
2051,-0.792177761,1.215783359,0
2052,1.770463646,0.078802299,1
2053,-0.356301022,-0.106448977,0
2054,-1.174577618,-0.626730121,0
2055,-1.246454153,-0.2770424,1
2056,-0.232648418,2.056286878,1
2057,0.043203929,0.289013,0
2058,-0.711230071,0.675938606,0
2059,1.157589093,2.14162862,1
2060,-1.284872335,-1.537921971,0
2061,0.645228695,-1.506956652,0
2062,2.556410109,0.079246365,1
2063,-0.221949015,-0.823960044,1
2064,0.644768437,1.116529739,1
2065,0.141439742,-1.089697021,1
2066,-0.727235484,-0.34708185,1
2067,0.808869902,0.626573566,1
2068,0.076687539,0.333868767,1
2069,-0.536247321,1.303525398,1
2070,-0.53291617,0.464593823,0
2071,0.429569492,0.461446265,1
2072,-0.488610899,-0.05229803,0
2073,-0.703342829,-0.803013434,0
2074,-1.251507926,-0.96491264,1
2075,-0.210107175,1.598568445,1
2076,1.468193331,0.491267019,1
2077,0.906359601,0.802419134,0
2078,0.167779315,0.812003839,1
2079,-0.703206637,-0.490163477,0
2080,-0.991435258,0.569889549,0
2081,1.481590975,2.614909542,1
2082,-0.494172142,0.872632641,0
2083,2.94488149,2.15566415,1
2084,-0.332635394,0.897037074,0
2085,1.023606962,2.83996618,1
2086,0.08208292,0.02174672,1
2087,2.696782583,1.670500369,1
2088,0.386871599,1.402902641,1
2089,0.424579297,0.336250502,1
2090,1.070712595,0.870999072,1
2091,-0.673368151,-1.846801198,0
2092,1.225438192,0.400729354,1
2093,0.076506977,-1.694658734,0
2094,1.834922523,0.82385877,0
2095,-1.077480414,0.282051,0
2096,1.024384968,1.124544523,0
2097,-0.384746304,0.263302585,1
2098,-0.210649003,-1.038452074,1
2099,1.907903416,2.038317959,1
2100,1.718448808,1.895520928,1
2101,0.297462322,0.841671722,1
2102,0.177132425,0.659825616,1
2103,0.782402814,-1.921689018,0
2104,0.704618278,1.664106818,1
2105,0.063373301,-1.790132235,1
2106,-0.008684023,1.584814217,1
2107,0.326692425,-0.768235164,1
2108,0.372410447,0.044124109,0
2109,-0.999004907,0.340041424,0
2110,1.25409645,2.275578473,0
2111,1.038564461,0.795152334,1
2112,0.452505258,1.667607494,1
2113,-1.272501351,0.453870212,1
2114,-2.361185183,-2.024130684,0
2115,0.178772262,-2.010302907,1
2116,1.248774738,1.887236838,0
2117,0.163751488,1.008707455,1
2118,-0.476039198,-1.240608331,0
2119,0.330944295,1.138241863,1
2120,0.122554618,0.717300128,0
2121,0.477645103,-0.186743374,1
2122,1.808989731,1.682614269,1
2123,-1.06364408,-1.190641417,0
2124,0.511580796,1.427789879,0
2125,1.102674977,0.528361807,1
2126,-1.175682363,-1.099993089,0
2127,1.443008663,0.587293881,0
2128,-1.290629807,0.929102305,1
2129,0.076241675,0.882118689,1
2130,0.565325691,0.195650342,0
2131,-2.131598595,-1.134890173,0
2132,1.78476939,0.065846946,0
2133,1.527268106,-0.785307148,0
2134,-0.568409902,-0.660742441,0
2135,-0.982200538,-0.212380433,1
2136,1.354642491,0.346738656,0
2137,-1.474248965,-1.67398832,0
2138,-0.47881887,0.864664085,0
2139,0.9274758,1.334892744,1
2140,0.298488494,1.042459982,1
2141,-1.308312499,-1.414446438,0
2142,-2.930885466,-3.024660505,0
2143,0.240017225,0.234158882,1
2144,0.724777779,2.481636094,1
2145,-0.559522155,0.718532214,0
2146,0.779382823,1.298995776,1
2147,-0.287821094,0.034023623,1
2148,1.679702131,2.594725291,1
2149,-0.632979973,0.641060378,1
2150,1.285302909,-0.114491994,1
2151,0.831369004,1.201701486,1
2152,1.026352277,-0.903384963,1
2153,-0.753228203,1.593146487,0
2154,-0.477597492,-0.245470718,1
2155,0.512066564,1.91867212,1
2156,-0.506333471,0.437374911,1
2157,-0.910905956,0.815956688,1
2158,0.738836134,1.657726965,1
2159,-2.399676138,0.907533152,0
2160,-0.242000114,-0.216954927,0
2161,0.450979514,-1.165115079,1
2162,0.90709943,-0.255692773,0
2163,0.335192066,0.661040801,1
2164,0.430588692,-0.038974458,0
2165,1.487438124,-0.138239295,0
2166,-0.787949298,1.35915145,0
2167,-0.72487064,0.456347523,0
2168,0.105854911,0.97134435,1
2169,0.847781289,1.079578549,1
2170,0.269679365,2.060594472,0
2171,-1.863973916,0.947251144,0
2172,-0.455924064,-1.966840241,0
2173,0.397176371,0.566409675,1
2174,-1.716760991,-0.677627995,0
2175,0.360408624,1.63760946,0
2176,0.630417312,-0.215478444,1
2177,-0.132157412,-1.287564007,0
2178,-1.468100215,-0.884321578,1
2179,0.659685285,0.780691167,0
2180,-0.171258415,0.678854777,1
2181,0.460651086,0.729427991,0
2182,-1.064614711,0.415953214,0
2183,2.637436363,2.841016556,1
2184,-0.922905043,-0.118894387,1
2185,0.264704697,0.503428305,0
2186,0.994474561,-0.210541714,1
2187,-1.811156177,-1.033722936,0
2188,-0.12757548,0.172754106,1
2189,-0.421690393,-1.154633899,0
2190,1.755247145,0.500679342,1
2191,-1.15153129,-0.633198706,0
2192,0.166733783,-1.370554332,0
2193,-0.206982359,-0.328527631,0
2194,1.920593408,2.973135402,1
2195,0.830802164,1.790634148,1
2196,1.160494841,-0.413823456,1
2197,-0.875580087,-0.498073042,0
2198,0.284933523,-0.294518795,0
2199,-1.13999328,-0.64353102,0
2200,0.616458594,1.24029501,1
2201,0.334073927,-0.352479228,0
2202,0.898444385,1.47409485,0
2203,-0.850866696,0.621911853,0
2204,-1.581612895,-1.123577298,0
2205,-0.644784353,-1.182608116,0
2206,-1.307617505,-1.011078374,0
2207,0.681934856,1.531274738,0
2208,-0.040451265,1.043617044,0
2209,0.46158461,1.384585397,1
2210,-0.044344894,-1.772403066,0
2211,-0.768840677,-1.155013906,1
2212,-0.936075571,-0.733127709,0
2213,0.605562311,-0.358937189,0
2214,-1.412588393,-0.288414046,0
2215,-1.264667386,-0.323435878,1
2216,-0.784634748,0.097247228,0
2217,0.791326834,2.755301674,0
2218,0.467583447,0.902775851,0
2219,-0.252265619,-1.345146125,0
2220,1.328025178,1.006092329,1
2221,-2.829572245,-1.452299348,0
2222,-1.735515422,1.11721778,1
2223,-0.975650916,-0.433923037,1
2224,-0.822953539,0.523188827,0
2225,-0.410638818,-0.907584314,1
2226,0.083287025,-0.008384859,1
2227,0.361383741,2.01951115,1
2228,-0.55743881,-0.690972743,0
2229,0.9503357,1.66189722,0
2230,-0.558714796,0.43320785,0
2231,-0.499638227,-0.416288568,0
2232,0.3265345,0.0642628,0
2233,2.323687936,2.777073986,1
2234,-1.934444075,-0.014477082,0
2235,-0.283162005,-2.105037043,1
2236,-1.645903635,-1.093346755,1
2237,2.585582739,0.999399791,1
2238,0.736046651,1.298558939,0
2239,0.107497396,0.96989453,1
2240,1.230167732,0.360249878,0
2241,-0.331273484,0.746587863,0
2242,-0.69847979,-0.105771078,0
2243,0.24529789,-0.577347763,0
2244,-0.180588844,-0.255718821,0
2245,-1.346886624,0.085495396,1
2246,-0.677243153,1.543351318,0
2247,1.723398061,-0.418278662,0
2248,0.831973504,2.517455164,1
2249,-1.238618568,0.360713081,0
2250,1.071716349,2.04391111,1
2251,0.718691779,-0.639914136,1
2252,-1.477832777,-2.364911698,0
2253,1.512758033,2.376312056,1
2254,-0.315839303,-1.827187995,0
2255,-0.641502097,-0.134842608,1
2256,0.777220063,-0.151801688,1
2257,0.008890713,-0.329691379,1
2258,1.451632302,-0.220661411,1
2259,-0.547168496,2.176429171,0
2260,-0.742290417,0.030110569,1
2261,1.075965665,1.342951922,1
2262,-0.994762627,-1.106135594,0
2263,1.387000346,0.21767609,1
2264,-0.747611979,3.083653871,1
2265,0.815260069,0.339802941,1
2266,-0.082698664,0.545667755,1
2267,1.229679886,1.541108385,1
2268,-0.363608286,1.04124526,1
2269,-0.676959676,-0.553589314,1
2270,-0.603740684,1.305290085,1
2271,0.466922266,-0.727124009,0
2272,0.860964468,1.088869407,1
2273,0.170526207,-1.381366605,0
2274,1.063337879,-0.262905305,1
2275,0.192364993,0.908849067,0
2276,1.171728313,-0.840849306,1
2277,1.294996661,-1.14294377,0
2278,-0.701895226,-0.067295146,1
2279,2.057095816,-0.054495266,1
2280,1.248192081,0.72385635,0
2281,-0.452061789,0.091609838,0
2282,-0.99345305,0.011179739,0
2283,1.780681523,1.700446019,1
2284,1.205746088,0.350956839,1
2285,1.314403912,0.705415229,1
2286,-1.752331574,0.980445981,0
2287,1.544821493,2.192346991,1
2288,-0.640653768,0.559837431,0
2289,0.89278529,1.055584382,0
2290,1.135093982,1.126397049,1
2291,1.712700427,0.661265116,1
2292,0.485928641,-1.120033993,1
2293,-0.425543805,-0.343841485,0
2294,2.205394525,3.146583841,1
2295,-0.420941703,0.25011412,1
2296,0.19563066,1.322350155,1
2297,0.679446046,-0.302450781,1
2298,0.232545509,1.867160002,1
2299,-0.712736071,-0.930957647,0
2300,-1.754188277,-1.271978516,1
2301,0.611025597,-0.230174334,0
2302,-0.368036173,2.852010322,0
2303,1.789792513,1.694160043,1
2304,0.725205189,-0.214156871,0
2305,0.434071342,0.8209776,1
2306,0.628506729,0.697649794,0
2307,-0.433391268,1.10368256,0
2308,-0.76640251,0.724929736,1
2309,1.580698674,0.42657409,1
2310,-0.912041579,-0.20680382,0
2311,1.632693201,-0.018314095,1
2312,0.938352199,2.128626053,1
2313,1.762899255,1.186933992,0
2314,-0.752427953,0.265129064,0
2315,1.221943759,3.558696462,1
2316,1.627203496,2.871588424,1
2317,-0.768425626,1.11939736,1
2318,0.26365388,1.22958108,1
2319,-0.072369777,1.71402384,0
2320,0.322071906,2.083237026,1
2321,-0.165348153,0.608151792,1
2322,0.036129117,-0.52080059,0
2323,1.376997299,0.795891747,0
2324,0.376879377,1.850340092,1
2325,-1.490163429,-1.996883163,0
2326,-0.011178057,1.780018669,1
2327,-1.394669048,-0.204662666,0
2328,1.481048654,-0.2784366,1
2329,-0.805755588,-2.477741518,0
2330,-0.36493385,1.544270747,0
2331,0.462582696,0.224056237,1
2332,1.902970005,2.556917637,1
2333,0.350313915,0.781718771,1
2334,0.120098952,0.723776896,0
2335,1.053438526,1.73485003,1
2336,-1.26122563,-1.034811897,0
2337,-0.615091175,1.337463729,1
2338,0.341446984,1.056834279,1
2339,-0.701570363,-0.752675284,0
2340,-0.820172027,0.478415862,0
2341,-0.020219823,0.891411868,0
2342,-1.811877195,-0.499435292,0
2343,1.308221106,1.215020859,1
2344,0.77834339,-1.444411565,1
2345,-0.073664198,0.872691756,0
2346,0.102207406,0.424780342,0
2347,-0.32669133,-0.282545385,1
2348,2.356271483,0.87549754,0
2349,0.598220563,-0.634786638,0
2350,-0.877695018,1.066168747,1
2351,1.043637741,1.2195805,1
2352,0.376226634,-0.393419811,1
2353,-0.402086591,0.75469576,1
2354,-1.142845074,-0.351757837,0
2355,-0.857592759,-0.189420884,0
2356,1.135511329,0.662532675,1
2357,0.177586098,-0.550048916,1
2358,0.763308626,0.397953137,0
2359,-0.131399197,0.718268418,0
2360,2.071284324,-1.01194048,0
2361,1.236177713,0.441972658,0
2362,-2.197216714,-0.807912133,1
2363,1.378258548,0.048358876,1
2364,-0.303218666,1.106285585,1
2365,-0.50441856,2.150559507,0
2366,1.317366291,-0.077273354,0
2367,-0.630116196,0.832219391,1
2368,1.941494756,0.979671548,1
2369,1.062677109,1.123779176,1
2370,0.960007947,0.834967217,1
2371,1.118183014,0.043410293,0
2372,0.362718835,0.316842799,0
2373,-1.604968845,-0.1259662,1
2374,-1.914648044,-2.176960233,0
2375,-0.86526352,1.879810406,1
2376,0.762880598,1.559916528,0
2377,0.837731489,1.555074739,1
2378,0.698583736,1.569076817,1
2379,-1.924256799,-0.488869401,0
2380,-0.846339851,-0.920529989,0
2381,2.769108707,0.936829975,1
2382,1.228160284,1.981842431,1
2383,-0.057296004,0.454472452,1
2384,1.196278604,0.277463541,0
2385,-0.621257851,-1.027646904,0
2386,-2.119360541,-0.657999382,0
2387,1.051123094,1.283515477,1
2388,1.055769195,0.550475778,0
2389,0.073404477,1.5796069,1
2390,-0.120604769,-1.259914247,1
2391,-0.310733747,0.687865636,1
2392,0.17017768,0.968789161,0
2393,-0.457271544,0.43620702,1
2394,-0.22955026,0.289510509,0
2395,0.744861783,-0.36078106,0
2396,0.212779192,1.736448629,0
2397,2.713002277,2.050983387,1
2398,-0.143147896,-0.431305315,0
2399,-0.465624644,-1.254006874,0
2400,1.943393433,1.307918571,1
2401,-0.325560214,-0.645350918,0
2402,1.20539082,1.741745125,1
2403,0.020185083,0.721720728,0
2404,1.941560786,1.099324426,1
2405,-0.285937795,1.344570098,1
2406,2.112177548,2.30191198,1
2407,1.737175839,1.263278094,1
2408,-0.019371576,1.396066898,1
2409,-0.656839755,-1.374471923,1
2410,0.519430423,1.304097891,1
2411,-1.787996887,1.659782783,0
2412,-0.679132973,0.247278923,1
2413,0.398617027,0.577232316,0
2414,2.79164679,3.334560401,1
2415,1.183397053,0.795350538,1
2416,-0.149035763,1.109667056,0
2417,0.435928401,1.309443642,0
2418,0.652363911,-0.949165115,0
2419,1.729474543,1.291160087,1
2420,2.957045942,-0.768492768,1
2421,0.212842243,1.59946144,1
2422,-0.726245674,0.64492785,1
2423,1.408804771,0.706704772,1
2424,-0.987859728,-1.017130709,0
2425,0.84729127,0.629779,1
2426,0.337124245,1.2867517,0
2427,-0.267602516,0.081691503,0
2428,0.698513148,-0.11005369,1
2429,2.001247044,2.184839206,0
2430,-1.573905991,-0.897630959,0
2431,1.541618853,0.681678066,1
2432,-0.733061926,-0.625635284,1
2433,0.257238239,-1.496457449,0
2434,0.763546729,1.174156188,1
2435,1.027839904,0.554207529,0
2436,-1.196324279,0.799907908,1
2437,-1.762132205,-0.141373154,0
2438,-2.070223342,-0.279467677,0
2439,-2.555635792,-0.873116259,0
2440,0.548838099,1.803285253,0
2441,-0.151463825,-0.751714497,0
2442,0.394958083,1.453667444,0
2443,0.953921615,-0.771119934,0
2444,-1.442671712,-1.596174823,0
2445,0.30880985,-1.195444421,1
2446,0.431169172,2.471077971,1
2447,-1.490007697,-1.514934964,0
2448,1.511165737,2.15961628,1
2449,-0.355930531,-0.240791655,0
2450,-1.626585391,1.683869254,1
2451,0.489751894,0.823830797,1
2452,1.460196979,2.967401213,1
2453,1.109232117,1.12612288,1
2454,-1.502550492,-0.29505028,0
2455,0.299710178,-0.11703483,1
2456,-1.805806094,-0.358730411,0
2457,-0.652800881,0.028771482,1
2458,0.193714042,1.30252934,1
2459,1.53946761,-0.233913752,0
2460,0.315358925,-0.695163261,0
2461,0.829680955,0.579465496,1
2462,1.169421674,1.011127146,0
2463,0.137554449,0.249173885,1
2464,-1.112631944,1.54767972,1
2465,0.264970735,1.671531446,0
2466,-1.550499777,-0.349118846,0
2467,1.51572899,2.709016317,1
2468,-1.23833088,-2.203792289,0
2469,-1.311659754,-1.457347886,0
2470,-0.425641889,-0.567242609,1
2471,-0.699824547,2.013931199,0
2472,0.577482151,1.417216592,1
2473,-1.107788498,0.259847085,0
2474,-0.037940062,1.372436427,1
2475,-0.239872696,-0.256251489,0
2476,-0.808326811,-0.947665363,0
2477,-0.794096206,1.186121988,1
2478,-0.390055894,-2.688994097,0
2479,1.699498895,3.774447799,1
2480,0.430279577,-0.334222076,0
2481,1.125234993,1.427068387,1
2482,-0.996433269,0.207889244,0
2483,0.799302689,0.324126342,1
2484,-1.945730078,-0.612386562,1
2485,1.077531592,2.544048048,1
2486,-0.816789062,0.772249833,1
2487,-1.252662583,-0.817252417,0
2488,-0.452228627,0.290918203,0
2489,0.153528568,-0.235245487,0
2490,-0.180837262,0.386720956,0
2491,0.760796504,-0.103269387,1
2492,-0.048862654,-0.346508284,0
2493,2.338242004,1.94783418,1
2494,0.622753466,1.199976883,1
2495,1.124180057,-0.343751444,1
2496,-0.126387304,0.023453357,1
2497,1.289327119,1.948884964,1
2498,0.071413436,-0.579187433,1
2499,2.088545813,2.195047308,1
2500,0.606238106,2.533908681,1
2501,0.216958639,-0.972167961,0
2502,-0.94028008,1.082695826,1
2503,1.676714073,2.931011275,0
2504,-0.932675921,-0.420306408,1
2505,0.982561013,1.536053784,1
2506,-0.614150169,-0.825681519,0
2507,1.851581909,1.261669087,1
2508,-0.126978879,1.274574279,0
2509,-1.661959875,0.405506715,1
2510,0.884250585,0.810985413,1
2511,0.638535484,-0.523923185,1
2512,-0.482565265,-0.404580601,1
2513,-1.704698249,-0.314248504,0
2514,-0.269221824,-1.358034533,0
2515,1.367961559,0.122255081,0
2516,-0.345550978,0.644985107,0
2517,1.35254553,1.863578424,1
2518,-0.501518797,0.040059115,1
2519,0.738992911,-1.967337515,0
2520,-1.751231835,-0.664156996,0
2521,-1.56371801,-1.703957622,0
2522,-0.328341287,-1.753121045,0
2523,0.878771637,-0.473860229,1
2524,-0.659775084,-1.976495533,0
2525,-0.330684397,0.328359021,1
2526,1.251775745,-0.203540341,1
2527,-0.890810489,-0.207270907,0
2528,1.34627052,0.583023862,1
2529,1.016839188,1.694678602,0
2530,0.675684416,-0.566242634,0
2531,-0.322209665,0.723289166,1
2532,-0.762323468,-0.137077483,0
2533,-0.22225088,1.573866092,1
2534,0.032751484,0.739028843,1
2535,0.4843964,1.612565185,0
2536,0.801037172,0.537121679,1
2537,0.567116971,0.513823754,1
2538,-0.602908457,-0.024363511,0
2539,-0.17803023,-0.621120191,0
2540,0.873576336,2.326055228,0
2541,2.546262373,0.487063823,1
2542,0.209080868,1.027412688,1
2543,-2.993714906,0.195258505,1
2544,0.344486332,0.828303663,1
2545,0.778695095,0.69186455,1
2546,0.649354265,0.307291311,1
2547,0.028558016,0.426553327,1
2548,1.736327403,1.547160296,0
2549,-0.971559807,0.541756621,1
2550,1.410863962,1.204127086,1
2551,-0.222083424,-1.056251337,1
2552,-0.389286475,0.351684957,0
2553,1.805895146,2.237510721,1
2554,0.024009505,0.125022544,1
2555,0.235470391,1.485228167,1
2556,0.549746492,1.72027603,1
2557,2.524969207,0.986000858,1
2558,0.028020917,-1.04315973,0
2559,-0.687680123,0.497802521,1
2560,-0.610292017,0.327046993,0
2561,0.660213078,1.752634797,0
2562,-0.509085549,-0.349187001,1
2563,-0.524952157,0.386345381,1
2564,0.188811756,1.087277863,0
2565,-1.216031789,-0.46982116,0
2566,-1.357046685,-0.638469806,1
2567,1.007939369,-0.560460121,1
2568,0.981384226,-0.314235986,0
2569,-1.940901615,-0.21439565,0
2570,1.457656488,2.387217314,1
2571,0.547562966,0.860645092,1
2572,1.576863526,0.955521259,1
2573,1.535974097,0.374072897,1
2574,-0.263347895,1.063334869,0
2575,0.614659519,0.820149356,1
2576,0.450130903,0.12079029,1
2577,-0.206937843,2.179158463,0
2578,0.481205812,1.740651782,1
2579,-0.685888027,-0.41974848,0
2580,-0.951810483,-0.478673159,0
2581,-0.475788425,-1.739455075,0
2582,1.36541026,0.35366593,0
2583,-1.0456128,-1.07798849,0
2584,1.103538467,-0.08409716,1
2585,-3.338966368,-3.451963654,0
2586,0.216185991,-0.223258321,0
2587,-1.966960542,-1.42339091,0
2588,-1.308129355,-2.235682727,0
2589,-1.825900941,-1.60839792,0
2590,1.070097498,0.321990163,1
2591,-0.730573824,0.401409397,1
2592,0.438521138,-0.363920669,1
2593,0.354252294,-2.03524076,0
2594,-1.199861219,-0.700951387,0
2595,-1.34810433,-0.602683641,0
2596,0.761389066,0.524002498,1
2597,-1.317444121,0.35215616,0
2598,0.443306801,1.234851901,0
2599,-1.15809729,-0.194978574,0
2600,0.491062572,0.839106459,1
2601,-0.482614388,0.136571184,1
2602,-0.916016236,-0.400486642,0
2603,0.679978873,1.205911116,1
2604,-0.442196075,0.505308864,0
2605,-0.645797593,1.82810606,0
2606,0.204336215,-0.468479835,0
2607,1.06448922,0.551994033,1
2608,0.111470234,1.005428132,0
2609,0.784948246,-0.109982877,0
2610,0.204771715,1.014490331,1
2611,-2.434326978,-1.325404465,0
2612,-0.904169003,0.471938373,1
2613,0.338186377,0.761687956,0
2614,-0.033039028,-1.948771358,1
2615,0.882473975,2.370439641,0
2616,-0.159497804,1.50077924,1
2617,-0.888813509,0.159413961,1
2618,0.479630604,0.525977772,0
2619,-0.73490608,-0.103369513,0
2620,1.743160905,1.39761296,1
2621,1.226894761,1.568721901,0
2622,-0.473156488,-0.170702609,1
2623,0.593819953,0.839348941,1
2624,0.895265522,1.336836646,1
2625,1.522591338,1.93844134,1
2626,0.9148935,-1.692600026,0
2627,-0.043768,-0.291851011,1
2628,-1.384305981,1.119764384,1
2629,0.652459006,-1.901745054,0
2630,1.123198366,0.346991935,1
2631,1.523282084,0.790830221,1
2632,-0.431553116,-0.671299617,0
2633,0.765457128,1.878619243,1
2634,2.047357809,1.385874354,1
2635,0.241045803,1.18172621,1
2636,0.913808925,1.154780312,1
2637,-1.718108655,-0.789798065,1
2638,-0.464510763,-0.996080468,0
2639,-0.028238188,-0.265453673,0
2640,-0.131895881,-2.420771871,0
2641,1.918763038,-0.796235731,1
2642,-0.633825458,1.081667577,0
2643,-1.594767268,0.588818237,0
2644,-0.273185637,-0.216553857,0
2645,0.712730121,0.26117735,1
2646,-2.701373659,0.954449316,0
2647,0.548223076,0.060799717,0
2648,0.517067361,0.155074061,1
2649,-0.214965106,-0.474719289,0
2650,0.066462126,1.318758101,1
2651,-2.698953291,-0.250975596,0
2652,-0.146995325,0.210449806,0
2653,1.204179887,0.726076064,0
2654,0.1245989,0.304325382,0
2655,0.604159089,0.25168584,1
2656,0.038613301,-1.334258669,1
2657,-0.864783561,-2.270367703,0
2658,0.207892138,0.626421315,0
2659,0.797312531,2.204620557,1
2660,-0.814826518,-0.529165263,0
2661,-0.285508289,0.598557744,1
2662,-0.897018873,-0.064758873,1
2663,1.875709807,1.59502014,0
2664,-0.174866488,-1.833594009,0
2665,2.711911556,2.600194808,1
2666,0.598195093,2.339132016,1
2667,0.794009344,0.071403525,0
2668,-0.064557429,0.643965039,0
2669,1.554049908,1.9944838,0
2670,-0.558159404,-1.584125583,0
2671,0.6903536,0.289113076,1
2672,0.778730527,1.825916595,1
2673,0.222799182,-0.156747097,0
2674,-0.768838057,0.557910834,1
2675,-0.605153856,0.536852871,1
2676,1.478266694,-0.350156316,0
2677,0.979672168,-0.819338521,1
2678,1.817165509,-1.023657199,1
2679,1.735056485,1.036077795,1
2680,-2.375164357,-0.674359366,1
2681,0.599667737,0.397683447,1
2682,-0.242305554,1.146181201,0
2683,0.696720439,0.035437402,0
2684,-0.124372769,1.199095045,1
2685,2.940370414,1.696910921,1
2686,-0.160683186,0.423993284,0
2687,-1.657038523,0.087603255,0
2688,-0.43223937,0.997356436,1
2689,2.024783562,0.208508035,1
2690,0.57854912,-0.780592499,0
2691,1.065141834,3.375630887,1
2692,1.699090257,0.358655814,0
2693,1.315559283,-0.003356177,0
2694,-0.999291579,0.211914415,0
2695,-0.485387705,0.408303544,1
2696,0.776971989,2.239800591,1
2697,-1.514850965,-2.028771616,0
2698,0.625581922,-0.676172985,1
2699,-1.905887859,0.698950909,0
2700,0.578346985,0.380124508,1
2701,-2.291562361,-1.932149152,0
2702,0.316027242,0.271087841,0
2703,0.697723052,-0.394853198,0
2704,2.162333138,0.612471447,0
2705,0.020494608,0.513458213,0
2706,1.542728439,1.044260008,1
2707,-0.261100514,-1.858157941,1
2708,1.270453904,1.279579098,1
2709,1.426863444,1.339599469,1
2710,0.398457451,-0.29945711,1
2711,1.260436412,0.689986965,1
2712,1.375520649,3.224606436,0
2713,2.03482134,3.072138072,1
2714,-0.051760228,0.521349222,0
2715,0.870901122,0.737879764,1
2716,0.691292582,1.239784301,1
2717,0.471992823,0.914782354,0
2718,0.836927082,2.206644117,1
2719,0.244795202,1.20661084,1
2720,0.694103336,0.840024226,1
2721,-0.880686108,0.526100202,0
2722,1.052796112,-0.060820116,1
2723,1.096895575,2.467192871,1
2724,1.108085699,-0.10062361,1
2725,-0.118243179,0.06899831,0
2726,0.023306183,-1.299770462,0
2727,-2.362933934,-3.011170741,0
2728,0.304428045,1.370791126,0
2729,-0.254858144,-1.21463312,1
2730,0.244911404,0.922012324,1
2731,-0.052352949,2.340061319,0
2732,-0.440585905,0.653107717,0
2733,0.036243997,-1.080573991,0
2734,0.168460105,-0.519310796,1
2735,-1.488036144,1.147564395,0
2736,2.051091939,2.111173349,1
2737,-1.787059802,-0.185096363,0
2738,2.133089197,2.215302832,0
2739,-0.600325415,1.643370709,1
2740,-0.585355573,-2.096346856,0
2741,1.429554161,1.564874889,1
2742,3.061651252,0.99987671,1
2743,0.10645978,2.422700656,1
2744,-0.09331569,-1.175016418,0
2745,-0.26381952,1.505221887,1
2746,0.606758711,1.355264607,0
2747,1.460657503,2.448750617,1
2748,1.059751251,2.794909535,1
2749,0.439295912,0.338696257,1
2750,-0.658133426,1.337695336,0
2751,0.420762338,0.3603606,1
2752,-0.132004325,-0.552068793,0
2753,1.431035243,-1.129396267,0
2754,0.821788027,0.89165408,0
2755,0.616507431,0.343049442,1
2756,-0.451375361,-1.781084984,0
2757,0.84815356,1.135203632,1
2758,-1.003571849,-0.456095771,0
2759,-0.413452092,-0.964775031,0
2760,0.89502271,0.843987114,1
2761,1.660714345,2.951365487,0
2762,0.142073969,2.620587433,1
2763,0.299843179,0.56234905,0
2764,-0.453776905,-0.319485287,1
2765,0.275968967,1.343293616,0
2766,-1.204161858,-0.072525937,1
2767,2.335274559,1.796954458,1
2768,0.469006201,1.197467909,1
2769,-0.423027319,-2.716408296,0
2770,0.734475606,2.816153279,1
2771,-1.136954233,0.286468493,0
2772,-0.125596611,1.139623801,0
2773,0.304259594,1.046347034,1
2774,1.049309825,0.327610726,1
2775,2.03456951,3.824690359,1
2776,-1.42777591,-1.079580614,1
2777,1.019463989,0.501069814,0
2778,0.179367165,0.623788307,0
2779,0.726272383,-0.360764383,0
2780,-0.561517384,0.669857559,0
2781,1.317279987,0.161116605,1
2782,0.926651356,1.67040214,0
2783,-1.604516278,-0.42109304,0
2784,-1.568501639,-2.407509927,1
2785,1.113672053,1.701088016,0
2786,1.002520994,-0.479142642,1
2787,0.097687001,-0.602577135,0
2788,-0.997653936,0.1850265,0
2789,0.760984193,1.195153731,0
2790,-0.523811683,0.552393878,0
2791,1.300810605,1.716254729,1
2792,-0.607028811,-0.572400804,0
2793,1.146329422,-0.296016456,0
2794,-1.440613411,0.061738941,0
2795,1.619299287,2.341793435,0
2796,-0.050889285,0.32138545,0
2797,0.484084415,1.294827739,1
2798,0.520055993,-0.527351657,0
2799,-1.677992267,-0.760269226,0
2800,-0.670427982,0.036132685,0
2801,-0.210303181,-0.264678829,1
2802,-0.009078919,0.462507977,0
2803,-1.323285117,0.013510946,0
2804,0.611815417,0.073883291,1
2805,2.176977181,1.077734763,1
2806,0.442833413,-0.410394493,0
2807,-2.232400796,-0.60823816,1
2808,-1.9578144,0.015930846,0
2809,2.050037911,3.213953124,0
2810,0.048705591,2.059212137,0
2811,1.238861479,0.702821091,1
2812,-0.633797981,-1.191155055,0
2813,1.739780523,1.546572237,0
2814,0.605890628,1.227586702,1
2815,-1.177777221,-2.263448551,0
2816,1.188656507,2.067785735,1
2817,-1.466476924,-0.327458638,0
2818,0.071930266,0.654078833,0
2819,0.186847055,-1.214558694,0
2820,-0.095578045,0.22875405,1
2821,2.406302074,2.6531004,1
2822,0.784463928,1.650106889,1
2823,-0.446552111,-0.454865242,0
2824,-2.009426091,-0.56074665,1
2825,-0.470589456,0.671599887,0
2826,0.08951386,0.778820373,0
2827,0.122213569,1.174924087,0
2828,2.068924453,1.031132468,1
2829,-2.027516242,-2.047022239,0
2830,0.364692177,1.332038346,1
2831,-1.185034655,-1.281739336,0
2832,2.686333587,1.77811252,1
2833,-0.388877659,0.348323848,1
2834,1.646037143,1.233423166,0
2835,1.17027813,1.26235281,1
2836,-0.276879099,-1.097234485,0
2837,0.77488218,0.69482135,1
2838,-0.593593392,0.98334746,1
2839,-0.009617511,2.299799267,0
2840,2.457463022,2.664906944,0
2841,0.759849136,0.939624905,1
2842,1.339161017,1.225296936,0
2843,-0.675321043,0.605212615,0
2844,0.85699491,0.72678151,1
2845,-0.086229715,2.011002782,0
2846,-0.320542747,-0.289052678,0
2847,0.54987826,-0.748562221,0
2848,-0.395735022,-1.573447251,0
2849,-1.632945414,-0.552219053,1
2850,-1.612610131,-1.258002369,1
2851,2.06686917,0.289992355,0
2852,-0.151818788,-2.589071888,0
2853,0.187125797,-0.153955819,0
2854,2.468789122,3.811011886,1
2855,0.482774927,-0.964109167,1
2856,1.506846349,1.536508947,1
2857,-0.328743947,-1.108242094,0
2858,-1.543131279,-0.780433332,0
2859,1.570616586,0.075525399,0
2860,1.879287939,1.940564817,1
2861,-0.421292079,0.974552086,0
2862,1.087443318,1.375137955,1
2863,-1.393112845,-0.657113001,0
2864,0.168344005,1.439276603,1
2865,-0.795953793,-1.815341349,1
2866,2.476333391,2.281138995,1
2867,-0.35292587,1.779203481,0
2868,-1.332465508,-0.266056391,0
2869,1.013964265,-1.661793139,1
2870,-1.452114913,-0.782221505,0
2871,1.581479844,0.990810084,1
2872,-0.084143564,2.435792909,1
2873,-1.995466816,0.341099138,0
2874,-1.383802361,-0.354567686,0
2875,-0.246138327,-1.361971572,1
2876,0.215629447,-0.159645773,1
2877,-0.329177288,-0.563154378,1
2878,-1.802000144,-2.546496923,0
2879,0.959803084,-0.848029691,0
2880,-1.397972194,-1.410304986,0
2881,-0.470115486,-0.098481935,1
2882,0.212281326,3.17792052,1
2883,1.769251792,1.329042523,1
2884,1.265658488,1.690028705,0
2885,0.415778651,-1.39279263,1
2886,-1.028745168,-0.399084334,0
2887,-0.458141489,-0.021188527,1
2888,1.269784964,1.045400267,0
2889,1.363831766,0.498713656,1
2890,1.255202001,1.661907386,1
2891,-1.157389002,-0.432147742,1
2892,0.69546994,1.667338337,1
2893,0.376730322,0.364217542,1
2894,-0.536113663,0.022731962,1
2895,-0.970388751,0.084842885,1
2896,-0.965398499,-0.381980008,1
2897,0.016180312,1.255816256,0
2898,1.567881722,1.552124903,1
2899,0.720042828,0.763966169,1
2900,1.138754635,0.086833759,0
2901,-0.641846382,-0.941225672,0
2902,1.548504594,0.838649123,1
2903,-0.90281524,-2.008665729,1
2904,0.252068507,-2.055653602,0
2905,0.207110844,0.48249975,1
2906,0.425848467,0.532995523,0
2907,1.494831069,1.70635975,1
2908,-0.074190409,0.26919646,1
2909,2.200803609,0.439776518,1
2910,-2.733412324,-0.819593143,1
2911,-0.416739187,0.160446842,0
2912,-0.737213476,2.120036346,0
2913,-0.99155228,-1.309451641,0
2914,0.277447635,-0.756042823,0
2915,-0.402185353,-0.215133153,0
2916,2.686577333,0.700702436,1
2917,2.67112002,0.921681526,0
2918,0.870517029,2.569958743,1
2919,-0.807974031,2.369441806,1
2920,0.391829604,-0.730325409,1
2921,0.156838035,-0.074339866,1
2922,0.74570409,0.366139213,0
2923,-0.930336125,-1.934436651,0
2924,1.734026152,2.075397811,0
2925,0.063840407,3.078698849,1
2926,-0.429208903,-0.784831418,0
2927,0.315075078,0.150220191,0
2928,0.384388913,0.462216962,1
2929,0.65268261,1.510162938,1
2930,-1.487221762,0.627928959,1
2931,0.728123047,2.056339733,1
2932,0.801177633,1.310850413,1
2933,-0.681761698,-0.912810919,0
2934,-0.059062466,-0.884889145,0
2935,0.938704272,1.864092116,1
2936,0.112186341,0.923609047,0
2937,-0.435059567,-0.26907907,0
2938,0.601988944,0.519439861,0
2939,-0.865437509,1.631567252,1
2940,0.027643773,-0.103223563,0
2941,1.141822541,0.228426605,0
2942,0.677077761,1.118048062,0
2943,-1.128010431,0.26193073,0
2944,-1.320031316,-0.640945262,0
2945,-0.53674449,-1.41438554,0
2946,0.643978643,2.370994017,1
2947,-0.536967492,0.662989221,1
2948,2.146127838,0.775944096,1
2949,-0.939564254,-1.154411912,1
2950,-3.039796577,-2.74633134,0
2951,2.516600988,1.042138221,0
2952,-1.000454524,-0.168762021,1
2953,-0.420387147,0.01764237,0
2954,-0.867863248,0.394419953,0
2955,1.80563221,1.473498377,1
2956,-1.669600291,-2.253364771,0
2957,0.569582859,3.009568378,1
2958,-0.012534875,0.289402127,1
2959,0.190404149,0.850030312,0
2960,-0.032442758,1.388140105,1
2961,-0.348243456,2.239895239,1
2962,-0.6586616,1.914481961,1
2963,-0.395003442,2.995815162,1
2964,0.787755159,1.303765795,0
2965,0.311673689,-1.993935036,0
2966,2.971983452,1.993002735,1
2967,0.72268756,2.409831307,1
2968,-1.036214189,-1.281640959,0
2969,1.318702245,3.509996469,1
2970,0.684505817,-0.673494951,1
2971,-0.237661082,-0.882242104,0
2972,0.422211019,-0.619218338,0
2973,-0.131259344,-0.170597535,1
2974,1.037182065,1.568234613,0
2975,1.363859305,0.504656108,1
2976,0.286596682,0.83584456,0
2977,0.513908158,1.641651458,1
2978,2.692362368,1.52581832,1
2979,0.885052372,-0.920415766,0
2980,0.130022237,-1.026091356,0
2981,1.054458313,-0.5104627,1
2982,0.20632274,1.863833701,0
2983,0.397510875,-0.248218897,1
2984,-0.708517469,0.776920119,1
2985,0.179801644,1.129108458,1
2986,1.489754958,-0.679557962,1
2987,-0.308321711,1.798655925,0
2988,0.384018201,0.777951271,1
2989,-0.002996622,-0.38370264,0
2990,-0.621551955,-0.73456783,0
2991,1.067702632,1.282226637,0
2992,-0.703230696,-0.20374496,1
2993,-0.809481613,2.274854117,1
2994,1.131373683,0.990883993,1
2995,0.181896523,-0.294070454,0
2996,-0.975905588,-0.589478861,0
2997,0.117206698,0.512790713,1
2998,0.105887136,0.152881327,0
2999,0.930987784,-0.34776046,0
3000,0.163527383,-0.055550223,0
